id,total_duty_hours_done,total_diff_hours
7,90.19999999999997,84.20000000000002
11,172.19999999999996,44.1333333333334
12,172.19999999999996,-7.033333333333351
13,107.00000000000004,-4.033333333333335
14,68.88333333333331,143.4833333333331
15,172.19999999999996,50.700000000000045
17,137.76666666666662,39.85000000000038
18,137.69999999999996,-55.70000000000001
21,139.4,-23.899999999999988
23,98.40000000000002,26.099999999999984
24,180.39999999999995,1.8500000000000156
25,155.79999999999998,50.75000000000003
26,144.31666666666663,24.533333333333374
27,180.39999999999995,6.600000000000016
28,126.28333333333335,-4.0166666666666755
29,172.19999999999996,-7.833333333333288
31,180.39999999999995,46.30000000000007
32,72.16666666666664,48.866666666666376
33,180.39999999999995,65.3000000000001
34,94.29999999999997,73.40000000000009
35,180.39999999999995,86.75000000000011
36,126.28333333333335,32.6166666666667
37,180.39999999999995,-2.4333333333340015
38,180.39999999999995,36.60000000000005
43,172.19999999999996,37.55000000000001
44,180.39999999999995,5.750000000000057
45,131.20000000000002,-9.01666666666668
46,97.58333333333334,80.96666666666735
47,139.4,1.100000000000012
48,111.51666666666662,10.01666666666712
49,106.60000000000002,6.483333333332979
50,139.4,20.600000000000012
51,55.766666666666644,-8.766666666666666
52,114.80000000000003,3.20000000000001
56,172.19999999999996,94.45000000000005
57,172.19999999999996,49.933333333333024
58,65.59999999999998,132.5833333333332
59,163.99999999999997,-4.433333333333312
60,109.06666666666668,81.30000000000072
61,172.19999999999996,2.842170943040401e-14
63,172.19999999999996,-0.19999999999998508
64,172.19999999999996,-2.9999999999999964
65,172.19999999999996,30.41666666666606
66,163.99999999999997,6.330000000000041
67,114.80000000000003,-18.79999999999999
68,155.79999999999998,31.95000000000006
69,163.99999999999997,-0.9999999999999991
70,163.99999999999997,26.500000000000014
71,163.99999999999997,-3.9999999999999893
72,163.99999999999997,58.433333333333024
74,65.59999999999998,131.73333333333323
75,163.99999999999997,64.81666666666607
76,163.99999999999997,2.916666666666705
77,86.10000000000001,88.10000000000038
78,172.19999999999996,37.60000000000002
79,163.99999999999997,50.60000000000002
82,163.99999999999997,62.00000000000006
83,172.19999999999996,38.00000000000003
84,131.19999999999996,22.29999999999977
85,111.51666666666662,18.500000000000114
86,163.99999999999997,3.0000000000000284
87,163.99999999999997,5.684341886080802e-14
88,188.59999999999994,-12.999999999999996
89,188.59999999999994,3.4000000000000625
90,188.59999999999994,86.60000000000005
91,188.59999999999994,148.05000000000007
92,188.59999999999994,40.5500000000001
93,172.19999999999996,4.05000000000004
94,188.59999999999994,26.813333333333077
95,75.43333333333331,133.8999999999999
96,188.59999999999994,80.83333333333306
98,188.59999999999994,94.58333333333309
99,188.59999999999994,-4.3
100,144.31666666666663,18.983333333333107
101,188.59999999999994,84.00000000000006
102,188.59999999999994,-50.19999999999993
103,132.01666666666668,-4.416666666666671
104,249.59999999999988,1.1368683772161603e-13
105,103.33333333333334,100.95000000000005
116,163.99999999999997,27.483333333333064
119,147.35,6.116666666667015
120,59.03333333333331,126.36666666666662
121,147.6,138.233333333333
122,147.6,-21
123,139.23333333333332,81.74999999999972
124,184.34999999999994,168.16666666666708
125,147.6,7.800000000000068
126,147.6,35.950000000000045
127,147.6,-3.8999999999999773
128,111.49999999999996,16.48333333333278
129,147.6,120.4
130,114.80000000000003,-25.916666666666956
137,120.53333333333335,100.91666666666704
139,131.20000000000002,8.883333333333013
140,68.86666666666665,122.09999999999995
141,172.19999999999996,123.53333333333305
142,172.19999999999996,-18.599999999999966
143,172.19999999999996,10.716666666666086
144,172.19999999999996,0.3000000000000398
145,172.19999999999996,216.41666666666706
146,172.19999999999996,36.60000000000005
147,163.99999999999997,-3.049999999999926
148,172.19999999999996,-3.5999999999999375
149,72.14999999999998,13.33333333333276
150,172.19999999999996,121.20000000000005
151,172.19999999999996,-9.449999999999946
154,147.43333333333334,19.216666666665702
155,68.88333333333331,148.81666666666666
156,102.5,126.53333333333302
157,163.99999999999997,-24.599999999999966
158,172.19999999999996,12.766666666666097
159,172.19999999999996,-3.899999999999693
160,172.19999999999996,243.71666666666707
161,172.19999999999996,53.40000000000006
162,172.19999999999996,-0.24999999999991473
163,163.99999999999997,-6.5999999999999375
164,137.74999999999994,20.58333333333279
165,172.19999999999996,186.80000000000007
166,120.55000000000001,99.66666666666737
167,172.19999999999996,-2.3666666666669443
169,103.25000000000003,2.3333333333329733
171,172.19999999999996,1.3500000000000796
172,16.4,134.8666666666667
173,172.19999999999996,128.33333333333306
174,49.2,-25.299999999999997
175,131.20000000000002,-16.30000000000095
176,163.99999999999997,-1.8999999999996646
177,172.19999999999996,248.01666666666708
178,172.19999999999996,57.200000000000074
179,123.00000000000003,-1.2499999999999716
180,163.99999999999997,-5.5999999999999375
181,137.76666666666662,21.81666666666611
182,172.19999999999996,176.13333333333307
183,34.43333333333334,89.73333333333404
184,147.6,12.316666666666023
185,103.25000000000003,11.583333333332973
187,131.20000000000002,0.6500000000000341
188,45.91666666666665,132.45000000000005
189,180.39999999999995,81.43333333333308
190,139.4,-26.700000000000003
191,159.89999999999998,-11.75000000000091
192,155.79999999999998,1.300000000000324
193,180.39999999999995,247.8666666666671
194,49.2,72.20000000000005
195,123.00000000000003,-42.24999999999997
196,98.40000000000002,-1.9999999999999858
197,144.31666666666663,20.499999999999105
198,73.80000000000001,194.21666666666633
199,126.28333333333335,99.05000000000072
200,114.80000000000003,-7.650000000000702
201,108.1666666666667,8.416666666666302
202,97.56666666666668,-66.56666666666668
203,132.03333333333336,-59.600000000000065
204,172.19999999999996,8.716666666666043
205,163.99999999999997,3.5833333333320923
206,172.19999999999996,-8.199999999999932
207,120.53333333333335,-45.63333333333304
208,172.19999999999996,254.66666666666708
219,147.6,8.85000000000008
220,68.88333333333331,143.81666666666666
221,82.00000000000001,79.93333333333301
223,155.79999999999998,-26.89999999999999
224,163.99999999999997,7.30000000000004
225,172.19999999999996,115.00000000000009
226,163.99999999999997,-81.74999999999991
232,131.19999999999996,30.299999999998775
233,172.19999999999996,220.94999999999936
235,163.99999999999997,-12.30000000000065
236,120.53333333333335,118.51666666666773
238,180.39999999999995,0.9000000000001194
239,68.88333333333331,120.43333333333341
240,172.19999999999996,113.23333333333306
241,180.39999999999995,-28.899999999999963
242,180.39999999999995,8.78333333333211
243,180.39999999999995,16.900000000000063
244,180.39999999999995,263.5666666666671
245,172.19999999999996,131.8000000000002
246,172.19999999999996,-88.9499999999999
247,180.39999999999995,-10.599999999999909
248,98.39999999999996,23.33333333333178
249,82.00000000000001,231.8499999999994
250,97.58333333333334,132.2333333333347
251,172.19999999999996,-13.316666666667544
252,139.4,14.516666666665998
253,126.28333333333335,-5.166666666666046
255,180.39999999999995,0.8333333333331154
256,72.14999999999998,120.78333333333343
257,180.39999999999995,114.33333333333309
258,180.39999999999995,-22.899999999999963
259,180.39999999999995,6.3166666666651
260,163.99999999999997,12.900000000000034
261,180.39999999999995,268.1666666666671
262,180.39999999999995,133.40000000000012
263,180.39999999999995,-78.34999999999991
264,90.20000000000002,-10.799999999999983
265,144.31666666666663,34.0166666666651
266,180.39999999999995,251.66666666666646
267,126.28333333333335,143.55000000000143
268,172.19999999999996,-12.350000000000534
269,155.79999999999998,19.966666666666015
270,126.28333333333335,24.55000000000095
271,155.79999999999998,-1.0666666666669755
275,106.35000000000002,0.9833333333317
276,92.48333333333332,93.30000000000008
277,165.20000000000002,105.63333333333301
278,90.20000000000002,-29.900000000000034
279,131.20000000000002,6.616666666665026
280,131.20000000000002,15.699999999999989
281,319.19999999999993,104.96666666666715
282,184.19999999999993,82.20000000000013
283,57.40000000000001,0.25000000000005684
284,90.20000000000002,-8.999999999999986
285,98.39999999999996,34.183333333331774
286,302.2,108.89999999999935
287,154.83333333333331,98.61666666666844
288,123.00000000000003,3.6999999999993207
289,123.00000000000003,0.6333333333329705
290,98.40000000000002,15.066666666665995
291,120.53333333333335,28.516666666667945
297,147.6,8.266666666666083
298,68.86666666666665,111.13333333333345
299,155.79999999999998,159.83333333333306
300,147.26666666666668,-33.6666666666667
301,166.33333333333331,21.78333333333174
302,163.99999999999997,9.700000000000045
303,172.19999999999996,116.01666666666713
304,172.19999999999996,93.00000000000011
305,158.13333333333333,13.850000000000051
307,118.08333333333329,38.099999999998445
308,141.73333333333335,137.19999999999933
309,120.53333333333335,126.58333333333508
310,172.19999999999996,0.8666666666663758
311,147.26666666666668,16.0499999999993
312,132.01666666666668,17.500000000001606
313,17.15,6.699999999999701
314,102.20000000000002,4.399999999999977
315,83.05000000000001,90.78333333333576
316,118.60000000000002,129.5333333333324
318,163.99999999999997,9.016666666666111
319,65.59999999999998,138.8333333333335
320,163.99999999999997,192.83333333333306
321,163.99999999999997,11.90000000000002
322,163.99999999999997,-39.7
323,81.83333333333334,-4.1833333333343035
324,155.79999999999998,9.900000000000034
325,163.99999999999997,119.01666666666713
326,163.66666666666666,135.20000000000041
327,122.83333333333334,13.950000000000301
328,131.19999999999996,39.89999999999877
329,163.66666666666666,187.13333333333267
330,80.36666666666667,129.71666666666908
331,155.79999999999998,9.516666666666353
332,90.11666666666667,22.83333333333232
334,16.333333333333332,0.11666666666636871
335,114.80000000000001,20.700000000001282
336,172.19999999999996,8.399999999999125
337,68.88333333333331,144.25000000000017
338,172.19999999999996,269.1333333333331
339,163.99999999999997,19.23333333333302
340,155.79999999999998,-11.549999999999997
341,155.79999999999998,3.5166666666657562
342,172.19999999999996,4.7000000000000455
343,172.19999999999996,137.81666666666715
344,172.19999999999996,139.13333333333313
345,172.19999999999996,11.083333333334082
346,118.06666666666662,37.83333333333212
347,172.19999999999996,204.3833333333324
348,120.55000000000001,138.66666666666902
349,172.19999999999996,5.949999999999378
350,172.19999999999996,20.13333333333233
351,12.249999999999998,0.36666666666640246
352,126.28333333333335,18.416666666667936
353,118.60000000000002,58.18333333333193
355,163.99999999999997,-8.810729923425242e-13
356,65.59999999999998,243.95000000000022
357,163.99999999999997,293.1333333333331
358,163.99999999999997,24.73333333333302
359,163.99999999999997,-36.550000000000026
360,163.99999999999997,6.41666666666579
361,155.79999999999998,0.9000000000000341
362,163.99999999999997,165.31666666666717
363,163.99999999999997,160.13333333333318
364,73.8,16.283333333334056
365,131.19999999999996,48.63333333333178
366,114.80000000000003,230.98333333333233
367,114.80000000000001,161.16666666666902
368,163.99999999999997,-10.28333333333363
369,131.20000000000002,3.849999999999312
371,0,11.1166666666664
372,120.53333333333335,17.88333333333459
373,94.94999999999999,57.816666666664446
374,132.03333333333336,11.85000000000123
375,155.79999999999998,181.01666666666713
376,155.79999999999998,1.2833333333327488
377,155.79999999999998,-37.63333333333303
378,109.06666666666668,178.20000000000272
379,155.79999999999998,351.4166666666661
380,155.79999999999998,50.43333333333301
381,147.6,32.30000000000001
383,155.79999999999998,193.33333333333312
384,139.4,47.38333333333405
385,65.59999999999998,57.03333333333177
386,147.6,260.4833333333324
387,0,16.3666666666664
388,49.2,42.18333333333334
389,21.23333333333333,2.7666666666666693
392,172.19999999999996,351.0499999999991
393,172.19999999999996,56.48333333333302
394,131.20000000000002,-37.08333333333307
395,155.8,-0.6166666666672853
396,155.79999999999998,28.500000000000483
397,172.19999999999996,188.81666666666715
398,172.19999999999996,208.00000000000014
399,163.99999999999997,20.383333333334093
400,137.76666666666662,68.26666666666513
401,172.19999999999996,282.6833333333324
402,120.53333333333335,194.0666666666687
403,155.79999999999998,16.36666666666636
404,34.3,5.466666666666704
405,0,16.3666666666664
406,120.53333333333335,18.316666666667885
408,137.76666666666662,8.166666666666373
413,155.79999999999998,56.43333333333301
414,139.4,-41.28333333333306
415,137.76666666666662,7.949999999999392
416,155.79999999999998,-5.783333333334255
417,82.00000000000001,345.04999999999905
418,35.93333333333333,18.95000000000072
419,180.39999999999995,1.0666666666667552
423,147.6,336.94999999999914
424,73.80000000000001,54.63333333333297
425,139.4,-41.28333333333306
426,90.20000000000002,0.34999999999899956
427,163.99999999999997,17.50000000000003
428,180.39999999999995,190.71666666666718
429,0,205.73333333333315
430,35.93333333333333,9.016666666667398
431,144.31666666666663,45.116666666665196
432,180.39999999999995,191.78333333333256
433,126.28333333333335,207.0000000000024
434,163.99999999999997,-29.799999999999642
437,0,33.0666666666664
438,126.28333333333335,-104.96666666666405
439,180.39999999999995,-11.716666666666612
440,118.08333333333329,6.286666666666463
441,91.8333333333333,50.43333333333146
442,40.18333333333334,194.88333333333537
443,163.99999999999997,21.50000000000003
444,131.20000000000002,190.6166666666671
445,180.39999999999995,205.73333333333315
446,180.39999999999995,256.73333333333244
448,132.01666666666668,-111.48333333333181
449,0,74.51666666666641
450,163.99999999999997,200.71666666666715
458,72.14999999999998,49.96666666666448
459,114.80000000000001,208.70000000000277
460,155.79999999999998,1.8166666666660376
461,155.79999999999998,373.98333333333215
462,163.99999999999997,50.63333333333301
463,123.00000000000003,-39.48333333333309
464,155.79999999999998,20.349999999999028
465,41,9.666666666666693
466,163.99999999999997,24.50000000000003
467,163.99999999999997,208.73333333333312
468,32.666666666666664,10.850000000000783
469,163.99999999999997,213.8833333333324
470,0,217.8499999999994
471,114.80000000000001,-91.28333333333185
472,139.4,-38.63333333333267
473,180.39999999999995,4.66666666666675
474,0,247.5999999999994
475,188.59999999999994,40.88333333333209
476,188.59999999999994,204.11666666666721
477,155.79999999999998,-39.483333333333036
478,147.6,-2.8000000000009493
483,114.80000000000001,208.40000000000276
484,188.59999999999994,48.03333333333305
485,92,-0.6666666666666998
486,92,4.466666666666697
487,188.59999999999994,11.400000000000063
488,118.60000000000002,38.89999999999998
489,82.00000000000001,22.499999999999986
490,163.99999999999997,-40.61666666666565
491,37.56666666666666,44.48333333333407
494,463.99999999999983,63.999999999999204
495,180.39999999999995,43.63333333333304
496,180.39999999999995,-33.75
497,172.19999999999996,52.84999999999907
498,82.00000000000001,20.499999999999986
499,310.3999999999998,74.71666666666732
500,312.1999999999999,83.93333333333322
501,35.93333333333333,59.55000000000074
502,144.31666666666663,63.766666666664804
503,320.3999999999998,124.68333333333254
504,239.0666666666666,83.83333333333616
505,155.79999999999998,6.483333333334343
506,180.39999999999995,-1.9000000000009152
507,180.39999999999995,32.00000000000006
508,88,0.5
509,88,-8.616666666666603
510,126.28333333333335,-61.08333333333104
511,180.39999999999995,1.9000000000000625
512,188.59999999999994,365.8833333333322
513,150.8833333333333,52.083333333331154
514,118.60000000000002,3.09999999999998
515,110.40000000000002,10.09999999999907
516,118.60000000000002,41.03333333333296
517,103.66666666666669,-30.816666666666748
518,118.60000000000002,58.74999999999902
519,118.60000000000002,12.899999999999991
520,39.53333333333333,78.18333333333385
521,118.60000000000002,92.33333333333309
522,16.333333333333332,111.21666666666742
523,54,0
524,52,9.947598300641403e-14
525,120.53333333333335,-157.98333333333073
526,39.53333333333333,13.350000000001081
527,132.01666666666668,-75.79999999999738
528,188.59999999999994,214.13333333333316
529,106.60000000000002,231.13333333333233
560,83.05000000000001,-1.4210854715202004e-14
561,172.19999999999996,3.0000000000000426
562,155.79999999999998,8.466666666665105
563,155.79999999999998,60.79999999999899
564,155.79999999999998,38.233333333333064
565,155.79999999999998,-30.816666666667032
566,109.06666666666668,3.268496584496461e-13
567,172.19999999999996,60.64999999999908
568,131.20000000000002,57.69999999999999
569,155.79999999999998,16.10000000000001
570,172.19999999999996,82.98333333333417
571,155.79999999999998,93.53333333333313
572,137.74999999999997,20.06666666666446
573,172.19999999999996,133.83333333333246
574,109.06666666666668,100.71666666666914
575,163.99999999999997,10.500000000001044
576,132.03333333333336,-270.2666666666638
577,114.80000000000001,-355.06666666666354
578,155.79999999999998,10.200000000000031
579,114.80000000000003,11.33333333333205
580,131.20000000000002,96.34999999999891
581,155.79999999999998,35.43333333333305
582,163.99999999999997,-27.716666666667038
583,114.80000000000001,-1.4210854715202004e-14
584,73.80000000000001,68.34999999999904
585,163.99999999999997,98.20000000000005
586,163.99999999999997,12.100000000000009
587,163.99999999999997,92.98333333333417
588,163.99999999999997,96.53333333333313
589,131.19999999999996,56.86666666666484
590,147.6,150.7333333333325
591,86.10000000000001,117.6166666666688
592,131.20000000000002,20.316666666667963
593,86.09999999999998,7.133333333333326
594,81.99999999999999,-8.949999999999974
597,155.79999999999998,22.366666666666035
598,163.99999999999997,45.93333333333308
599,120.53333333333335,-21.783333333333346
600,120.53333333333335,134.16666666666842
601,172.19999999999996,23.333333333333044
602,86.09999999999998,-19.63333333333327
603,123.00000000000003,170.68333333333197
604,131.20000000000002,-27.716666666667095
605,172.19999999999996,68.6499999999991
606,172.19999999999996,178.00000000000009
607,172.19999999999996,11.900000000000034
608,172.19999999999996,92.78333333333418
609,172.19999999999996,104.33333333333314
610,131.19999999999996,55.66666666666448
611,172.19999999999996,154.03333333333242
612,172.19999999999996,32.050000000001035
613,163.99999999999997,18.500000000000043
614,147.6,-9.379164112033322e-13
615,69.7,-23.249999999999986
616,163.99999999999997,161.43333333333211
617,163.99999999999997,50.266666666666
618,163.99999999999997,-27.716666666667038
619,74.61666666666667,-12.399999999999679
620,163.99999999999997,68.1499999999991
621,163.99999999999997,123.50000000000006
622,147.6,5.300000000000011
624,155.79999999999998,106.53333333333313
625,111.51666666666662,43.14999999999783
626,139.4,162.6333333333324
627,114.81666666666668,129.35000000000213
628,155.79999999999998,13.766666666668016
629,147.6,96.18333333333388
630,163.99999999999997,32.66666666666704
632,81.99999999999999,-35.66666666666667
633,155.79999999999998,172.0499999999991
634,163.99999999999997,46.266666666666
635,98.40000000000002,-27.71666666666708
636,114.80000000000001,-1.1999999999997186
637,163.99999999999997,76.2166666666661
638,163.99999999999997,108.50000000000006
639,163.99999999999997,8.30000000000004
640,163.99999999999997,108.1833333333339
641,163.99999999999997,123.53333333333313
642,131.19999999999996,28.2833333333315
643,131.20000000000002,159.9333333333324
644,114.80000000000001,122.05000000000177
645,155.79999999999998,-9.483333333331991
646,155.79999999999998,112.38333333333392
657,155.79999999999998,41.53333333333403
658,61.500000000000014,-8.1666666666667
659,114.80000000000003,232.416666666666
660,155.79999999999998,51.966666666665986
661,155.79999999999998,-27.716666666667038
662,109.06666666666668,-6.2666666666663815
663,155.79999999999998,75.7166666666661
664,155.79999999999998,104.20000000000005
665,155.79999999999998,29.50000000000003
666,155.79999999999998,134.73333333333312
667,124.63333333333328,45.316666666664176
668,155.79999999999998,166.63333333333244
669,109.06666666666668,113.48333333333508
670,155.79999999999998,33.950000000001005
671,155.79999999999998,14.200000000000017
673,179.79999999999998,9.200000000000017
675,188.59999999999994,65.93333333333406
677,0,-8.166666666666686
678,65.60000000000001,183.23333333333275
679,123.00000000000003,64.96666666666593
680,180.39999999999995,-27.71666666666701
681,53.30000000000001,13.633333333333283
682,188.59999999999994,24.649999999999125
683,188.59999999999994,113.60000000000008
684,147.6,33.900000000000006
685,147.6,116.78333333333393
686,172.19999999999996,121.53333333333313
687,85.29999999999997,21.349999999998502
688,147.6,119.03333333333242
689,45.91666666666667,117.56666666666808
690,180.39999999999995,15.48333333333403
691,184.49999999999994,13.200000000000045
692,106.60000000000002,33.599999999999966
693,172.19999999999996,87.23333333333404
695,0,-12.266666666666687
696,172.19999999999996,215.6999999999998
697,73.80000000000001,67.66666666666595
698,131.20000000000002,-31.916666666667084
699,86.09999999999998,7.533333333333317
700,98.40000000000002,41.08333333333205
701,41,117.10000000000002
702,163.99999999999997,9.900000000000034
703,163.99999999999997,116.7833333333339
704,8.2,121.3333333333331
705,131.19999999999996,46.8166666666645
706,106.60000000000002,104.4333333333324
707,120.53333333333335,108.03333333333472
708,155.79999999999998,-21.39999999999901
709,163.99999999999997,41.60000000000002
710,172.19999999999996,133.70000000000107
712,0,-12.266666666666687
713,172.19999999999996,237.24999999999983
714,172.19999999999996,76.966666666666
715,114.80000000000003,-31.916666666667084
716,77.89999999999999,9.983333333333306
717,131.20000000000002,77.38333333333205
718,172.19999999999996,119.40000000000006
719,163.99999999999997,15.900000000000034
720,172.19999999999996,120.08333333333391
721,172.19999999999996,129.13333333333316
722,72.16666666666664,51.64999999999783
723,172.19999999999996,117.2333333333325
724,120.53333333333335,109.0000000000017
725,90.20000000000002,-25.616666666665758
726,172.19999999999996,46.400000000000034
732,155.79999999999998,20.066666666667004
733,188.59999999999994,148.9333333333341
735,0,-12.266666666666687
736,188.59999999999994,265.5833333333328
737,188.59999999999994,83.86666666666603
738,172.19999999999996,-31.916666666667027
739,94.29999999999997,29.83333333333333
740,188.59999999999994,110.48333333333213
741,188.59999999999994,154.8000000000001
742,163.99999999999997,2.900000000000034
743,188.59999999999994,125.48333333333395
744,188.59999999999994,137.53333333333316
745,150.86666666666665,49.78333333333123
746,106.60000000000002,142.13333333333244
747,120.56666666666668,95.43333333333538
749,188.59999999999994,66.80000000000007
750,163.99999999999997,47.400000000000006
751,242.2,68.73333333333406
753,65.59999999999998,-4.266666666666666
754,357.1666666666667,103.99999999999912
755,163.99999999999997,89.41666666666602
756,172.19999999999996,-31.916666666667027
757,86.09999999999998,28.633333333333354
758,202.23333333333338,61.66666666666569
759,247.18333333333345,126.61666666666659
760,163.99999999999997,-4.099999999999966
761,231.26666666666677,70.41666666666711
762,232.18333333333337,85.34999999999977
763,137.76666666666662,47.016666666664264
764,237.2333333333334,77.89999999999904
765,135.39999999999998,81.03333333333508
767,172.19999999999996,49.866666666667015
768,155.79999999999998,84.00000000000009
770,163.99999999999997,51.400000000000006
771,127.00000000000003,72.56666666666702
773,15.866666666666665,15.783333333333353
774,127.00000000000003,118.33333333333172
775,127.00000000000003,98.41666666666596
776,95.25000000000001,-28.766666666667064
777,59.400000000000006,16.133333333333304
778,127.00000000000003,54.46666666666603
779,111.65000000000002,136.96666666666704
780,95.25000000000001,4.6499999999999915
781,62.449999999999996,65.4666666666669
782,119.85000000000002,97.5000000000001
783,101.61666666666665,33.39999999999725
784,127.00000000000003,69.89999999999938
785,66.83333333333336,79.20000000000164
787,103.45000000000002,90.54999999999998
788,135.20000000000002,69.06666666666698
789,172.19999999999996,97.03333333333408
791,65.59999999999998,-7.399999999999963
792,172.19999999999996,125.21666666666482
793,163.99999999999997,95.91666666666602
794,163.99999999999997,-28.76666666666702
795,81.99999999999999,5.883333333333326
796,172.19999999999996,27.266666666666097
797,163.99999999999997,159.46666666666707
798,163.99999999999997,1.650000000000034
799,163.99999999999997,68.39999999999989
800,172.19999999999996,110.30000000000017
801,137.76666666666662,26.63333333333027
802,163.99999999999997,63.89999999999945
803,120.53333333333335,78.66666666666828
805,131.20000000000002,68.46666666666698
806,172.19999999999996,95.35000000000004
807,147.6,91.43333333333406
809,62.31666666666664,-26.049999999999915
810,123.00000000000003,135.96666666666474
811,163.99999999999997,39.91666666666602
812,163.99999999999997,-28.76666666666702
813,114.80000000000001,3.583333333333343
814,163.99999999999997,28.766666666666097
815,163.99999999999997,155.96666666666707
816,114.80000000000003,9.84999999999998
817,163.99999999999997,70.39999999999989
818,163.99999999999997,125.30000000000017
819,131.19999999999996,22.43333333332994
820,163.99999999999997,68.39999999999945
821,86.10000000000001,79.0666666666686
823,139.4,43.866666666667
824,163.99999999999997,108.35000000000004
825,126.28333333333335,3.2999999999999687
826,180.39999999999995,70.1999999999999
827,180.39999999999995,28.966666666666114
828,126.28333333333335,83.78333333333529
829,180.39999999999995,97.03333333333411
830,72.16666666666664,-51.38333333333321
831,180.39999999999995,111.81666666666482
832,77.9,-7.176481631177012e-13
833,180.39999999999995,-28.766666666666993
834,180.39999999999995,119.95000000000009
835,180.39999999999995,35.516666666667064
836,180.39999999999995,148.5666666666671
837,180.39999999999995,-19.349999999999937
838,180.39999999999995,125.90000000000019
839,144.31666666666663,24.116666666663278
840,172.19999999999996,36.69999999999946
842,163.99999999999997,105.70000000000108
843,26.13333333333333,-50.683333333333195
844,282.19999999999993,6.616666666664855
845,163.99999999999997,-28.76666666666702
846,114.81666666666668,0.8166666666666345
847,254.53333333333325,43.41666666666676
848,163.99999999999997,50.966666666666086
849,163.99999999999997,36.266666666667035
850,300.93333333333317,27.633333333333866
851,131.20000000000002,20.249999999999986
852,212.93333333333328,14.066666666666606
853,163.99999999999997,126.90000000000016
854,131.18333333333328,25.933333333329628
855,233.8666666666666,-29.16666666666717
856,114.81666666666668,94.46666666666894
857,163.99999999999997,6.500000000000028
858,123.00000000000003,106.03333333333403
859,24.499999999999996,-44.18333333333318
860,147.6,21.09999999999775
861,123.00000000000003,-24.766666666667078
862,103.31666666666668,0.9999999999996305
863,147.6,63.81666666666702
864,139.4,83.56666666666605
865,98.40000000000002,72.76666666666699
866,147.6,59.03333333333404
867,147.6,20.65000000000002
868,123.00000000000003,26.26666666666685
869,147.6,132.30000000000013
870,118.08333333333329,30.849999999996626
871,147.6,-4.766666666667476
872,103.31666666666668,94.15000000000197
873,147.6,10.183333333332996
874,147.6,106.10000000000106
875,14.699999999999998,1.2079226507921703e-13
876,139.4,39.44999999999774
877,172.19999999999996,-24.76666666666702
878,114.81666666666668,-2.8166666666673734
879,131.20000000000002,89.616666666667
880,147.6,90.46666666666606
881,163.99999999999997,71.60000000000004
882,172.19999999999996,118.83333333333408
883,155.79999999999998,18.850000000000037
884,147.6,26.26666666666688
885,172.19999999999996,144.1000000000002
886,137.74999999999997,39.09999999999694
887,155.79999999999998,15.933333333332513
888,120.55000000000001,94.10000000000163
889,172.19999999999996,8.900000000000034
890,96,0
891,96,0
892,147.6,110.16666666666806
894,163.99999999999997,41.44999999999774
895,188.59999999999994,-14.766666666666993
896,126.28333333333335,13.899999999998954
897,106.60000000000002,102.016666666667
898,184,0
899,155.79999999999998,88.66666666666607
900,147.6,64.533333333333
901,188.59999999999994,116.73333333333412
902,147.6,45.250000000000014
903,163.99999999999997,48.66666666666691
904,188.59999999999994,144.50000000000026
905,85.2833333333333,41.81666666666361
906,155.79999999999998,11.633333333332445
907,45.91666666666667,93.68333333333496
908,184,0
909,180.39999999999995,4.000000000000057
910,41,116.00000000000136
911,131.20000000000002,40.8333333333307
912,123.00000000000003,-14.766666666667078
913,57.400000000000006,25.49999999999929
914,172.19999999999996,96.81666666666707
915,168,0
916,155.79999999999998,41.03333333333306
917,172.19999999999996,40.666666666666046
918,49.2,124.03333333333406
919,131.20000000000002,44.05
920,155.79999999999998,55.06666666666686
921,8.2,144.30000000000018
922,131.19999999999996,33.61666666666365
923,98.40000000000002,21.733333333332396
924,120.53333333333335,83.1500000000016
925,168,0
926,90.20000000000002,6.883333333333283
927,180.39999999999995,116.76666666666841
928,180.39999999999995,43.59999999999786
929,147.6,-11.76666666666705
930,126.28333333333335,58.71666666666595
931,180.39999999999995,89.4166666666671
933,180.39999999999995,32.133333333333084
934,180.39999999999995,37.43333333333307
935,180.39999999999995,119.63333333333411
936,155.79999999999998,51.25000000000004
937,163.99999999999997,60.06666666666686
938,180.39999999999995,145.9000000000002
939,85.2833333333333,41.333333333330316
940,155.79999999999998,49.433333333332456
941,109.06666666666668,82.88333333333522
943,180.39999999999995,6.81666666666635
947,80,0
948,80,0
949,180.39999999999995,18.26666666666705
950,32.800000000000004,0.9499999999999957
952,180.39999999999995,25.73333333333308
953,90.19999999999997,1.7500000000000284
954,172.19999999999996,79.56666666666686
955,155.79999999999998,6.599999999999312
956,114.80000000000001,78.58333333333489
957,180.39999999999995,118.86666666666841
958,180.39999999999995,47.116666666664855
959,147.6,-11.76666666666705
960,180.39999999999995,31.31666666666635
961,147.6,91.81666666666705
962,180.39999999999995,31.366666666667044
963,180.39999999999995,36.03333333333306
964,180.39999999999995,113.2333333333341
965,163.99999999999997,51.25000000000004
966,180.39999999999995,138.5000000000002
967,144.31666666666663,52.01666666666371
968,82.00000000000001,75.93333333333244
969,176,0
970,172.19999999999996,110.66666666666839
971,178.3333333333333,24.69999999999851
972,131.20000000000002,-9.766666666667078
973,172.19999999999996,15.116666666666326
974,263.9999999999999,1.8166666666671603
976,172.19999999999996,13.533333333333061
977,172.19999999999996,38.50000000000004
978,277.09999999999985,7.633333333334193
979,172.19999999999996,57.050000000000054
980,251.7333333333333,5.633333333333553
981,172.19999999999996,135.30000000000018
982,137.76666666666662,61.24999999999669
983,133.3166666666667,1.6166666666657363
984,86.09999999999998,3.65000000000002
985,114.80000000000001,87.28333333333488
986,168,0
987,155.79999999999998,13.216666666666299
990,172.19999999999996,35.50000000000003
994,142.8,80.03333333333535
995,142.8,31.84999999999866
996,117.35000000000001,-12.31666666666706
997,117.35000000000001,-1.033333333333708
998,117.35000000000001,9.466666666667038
999,142.8,20.866666666666035
1000,126.4,33.10000000000001
1001,100.95,10.683333333334033
1002,117.35000000000001,64.70000000000002
1003,75.5,26.033333333333815
1004,142.8,99.50000000000014
1005,93.88333333333333,59.366666666662994
1006,24.599999999999998,1.7666666666654827
1007,59.40000000000001,3.499999999999993
1008,94.25,78.03333333333491
1009,88,0
1010,117.35000000000001,2.616666666666262
1011,142.8,37.69999999999999
1012,163.99999999999997,80.20000000000238
1013,123.00000000000003,38.43333333333169
1014,123.00000000000003,-12.316666666667075
1015,123.00000000000003,3.766666666666275
1016,163.99999999999997,9.46666666666708
1017,163.99999999999997,47.20000000000002
1018,147.6,37.899999999999054
1019,163.99999999999997,45.600000000000094
1020,163.99999999999997,36.18333333333405
1021,163.99999999999997,61.70000000000006
1022,155.79999999999998,19.433333333333877
1023,163.99999999999997,91.30000000000018
1024,124.63333333333328,63.73333333332974
1025,163.99999999999997,38.266666666665486
1026,81.99999999999999,7.500000000000021
1027,114.80000000000001,70.73333333333487
1029,123.00000000000003,3.6999999999992497
1031,98.33333333333336,1.3333333333333428
1032,98.39999999999996,1.600000000000037
1033,98.33333333333336,1.9999999999999432
1034,163.99999999999997,80.20000000000238
1035,139.4,63.03333333333174
1036,163.99999999999997,-12.316666666667018
1037,155.79999999999998,6.066666666666315
1038,147.6,26.866666666667058
1039,163.99999999999997,27.200000000000017
1040,147.6,61.49999999999905
1041,147.6,63.66666666666707
1042,127.92499999999995,3.5083333333330415
1043,163.99999999999997,40.18333333333405
1044,163.99999999999997,66.70000000000006
1045,163.99999999999997,34.23333333333389
1046,163.99999999999997,91.30000000000018
1047,118.08333333333329,74.64999999999674
1048,123.00000000000003,34.76666666666537
1049,81.99999999999999,11.500000000000021
1050,114.80000000000001,79.41666666666787
1052,163.99999999999997,0.10000000000002274
1053,155.79999999999998,3.399999999999295
1054,118.90000000000002,0.0999999999999801
1055,113.08333333333337,10.91666666666653
1056,188.59999999999994,80.26666666666941
1057,180.39999999999995,66.71666666666482
1058,188.59999999999994,-12.31666666666699
1059,188.59999999999994,3.3666666666663545
1060,163.99999999999997,30.866666666667086
1061,188.59999999999994,34.10000000000005
1062,172.19999999999996,42.79999999999909
1063,188.59999999999994,65.73333333333413
1064,150.8833333333333,13.458333333332703
1065,188.59999999999994,44.91666666666708
1066,163.99999999999997,51.70000000000006
1067,163.99999999999997,43.73333333333389
1068,188.59999999999994,91.30000000000021
1069,150.8833333333333,78.76666666666372
1070,188.59999999999994,32.66666666666546
1071,94.29999999999997,15.200000000000038
1072,103.31666666666668,67.61666666666825
1073,188.59999999999994,0.03333333333304722
1074,180.39999999999995,4.08333333333232
1075,49.166666666666664,31.750000000000234
1076,163.99999999999997,85.93333333333638
1077,16.4,68.89999999999802
1078,131.20000000000002,-12.316666666667075
1079,155.79999999999998,3.366666666666326
1080,155.79999999999998,35.066666666667075
1081,163.99999999999997,20.100000000000023
1082,143.5,43.29999999999906
1083,147.6,51.13333333333408
1084,147.6,10.024999999999991
1085,155.79999999999998,53.116666666667044
1086,155.79999999999998,47.90000000000005
1087,163.99999999999997,55.93333333333388
1088,139.4,74.90000000000015
1089,131.18333333333328,74.58333333333073
1090,123.00000000000003,49.16666666666541
1091,81.99999999999999,17.200000000000024
1092,114.81666666666668,67.30000000000125
1093,163.99999999999997,8.36666666666602
1094,123.00000000000003,10.333333333332234
1095,82.00000000000001,-1.4210854715202004e-14
1096,0,31.7500000000002
1097,147.6,86.33333333333636
1098,147.6,68.049999999998
1099,139.4,-12.316666666667047
1100,106.60000000000002,3.3666666666662692
1101,147.6,57.46666666666705
1102,147.6,46
1103,135.3,30.199999999999037
1104,123.00000000000003,60.46666666666705
1105,90.20000000000002,13.321666666666673
1106,106.60000000000002,64.51666666666699
1107,147.6,43.300000000000026
1108,147.6,64.43333333333385
1109,123.00000000000003,92.90000000000012
1110,98.39999999999996,66.18333333333105
1111,114.80000000000003,82.86666666666544
1112,73.8,18.400000000000013
1113,103.31666666666668,68.98333333333424
1114,147.6,7.200000000000017
1115,147.6,0.1666666666660035
1116,139.4,5.599999999999255
1141,147.6,4.150000000000006
1142,147.6,3.4000000000000057
1143,0,31.7500000000002
1144,155.79999999999998,84.86666666666937
1145,180.39999999999995,6.000000000000057
1146,155.79999999999998,71.1666666666651
1147,139.4,-12.316666666667047
1148,180.39999999999995,6.3666666666663545
1149,180.39999999999995,4.483333333333064
1150,180.39999999999995,57.5666666666671
1151,180.39999999999995,30.10000000000005
1152,127.10000000000002,45.399999999999025
1153,180.39999999999995,57.900000000000134
1154,180.39999999999995,13.758333333333027
1155,180.39999999999995,68.61666666666707
1156,172.19999999999996,37.100000000000065
1157,172.19999999999996,62.3666666666669
1158,244.3999999999999,28.90000000000026
1159,144.31666666666663,71.86666666666437
1160,180.39999999999995,91.9666666666655
1161,90.19999999999997,22.20000000000004
1162,120.55000000000001,68.4333333333339
1163,123.00000000000003,23.599999999999994
1164,180.39999999999995,-0.033333333333956716
1165,163.99999999999997,1.266666666666282
1166,24.583333333333336,31.750000000000163
1167,131.20000000000002,84.83333333333633
1168,180.39999999999995,6.600000000000051
1169,123.00000000000003,80.99999999999807
1170,139.4,-12.316666666667047
1171,98.40000000000002,4.3666666666662834
1172,139.4,4.03333333333299
1173,98.40000000000002,66.66666666666703
1174,106.60000000000002,35.49999999999997
1175,0,35.399999999999054
1176,180.39999999999995,54.166666666667126
1177,155.79999999999998,-2.875
1178,163.99999999999997,69.61666666666704
1179,172.19999999999996,32.90000000000008
1180,180.39999999999995,63.166666666666885
1181,180.39999999999995,28.900000000000205
1182,118.08333333333329,67.78333333333072
1183,163.99999999999997,74.96666666666545
1184,69.7,22.500000000000007
1185,40.18333333333334,64.75000000000057
1186,106.60000000000002,23.599999999999994
1187,180.39999999999995,-0.033333333333956716
1188,82.00000000000001,4.516666666666239
1189,108.1666666666667,31.750000000000497
1190,106.60000000000002,84.90000000000333
1191,90.20000000000002,0.8999999999999773
1192,139.4,81.34999999999812
1193,98.40000000000002,-10.516666666667064
1194,180.39999999999995,0.16666666666633745
1195,114.80000000000003,5.3166666666659665
1196,163.99999999999997,80.66666666666707
1197,155.79999999999998,48.70000000000002
1198,114.80000000000003,59.03333333333404
1199,62.31666666666665,10.805000000000021
1200,57.400000000000006,76.21666666666704
1201,139.4,29.500000000000043
1202,155.79999999999998,81.36666666666687
1203,8.2,28.900000000000148
1204,131.19999999999996,63.58333333333104
1205,114.80000000000003,85.66666666666536
1206,69.7,23.800000000000004
1207,126.28333333333335,68.96666666666728
1208,180.39999999999995,-2.11666666666693
1209,180.39999999999995,8.166666666666032
1210,180.39999999999995,4.366666666666305
1211,108.1666666666667,34.5833333333335
1212,172.19999999999996,85.3666666666704
1213,180.39999999999995,4.263256414560601e-14
1214,180.39999999999995,101.44999999999808
1215,180.39999999999995,-10.516666666666993
1216,180.39999999999995,26.666666666666337
1217,180.39999999999995,6.749999999999048
1218,180.39999999999995,101.76666666666709
1219,180.39999999999995,56.30000000000004
1220,139.4,52.633333333334065
1221,124.64999999999995,13.155000000000122
1222,180.39999999999995,161.81666666666706
1223,163.99999999999997,28.50000000000007
1224,180.39999999999995,87.3666666666669
1225,180.39999999999995,28.900000000000205
1226,111.51666666666662,23.06666666666365
1227,180.39999999999995,106.26666666666551
1228,90.19999999999997,32.60000000000003
1229,126.28333333333335,73.78333333333426
1230,180.39999999999995,-2.11666666666693
1231,98.40000000000002,8.16666666666596
1232,114.80000000000003,10.48333333333322
1233,104.96666666666663,35.116666666666575
1234,163.99999999999997,85.3666666666704
1235,172.19999999999996,0.8000000000000256
1236,172.19999999999996,136.4999999999981
1237,172.19999999999996,-10.516666666667021
1238,172.19999999999996,18.51666666666633
1239,172.19999999999996,25.79999999999903
1240,172.19999999999996,135.56666666666706
1241,172.19999999999996,68.10000000000002
1242,172.19999999999996,55.1000000000011
1243,172.19999999999996,20.955000000000105
1244,172.19999999999996,219.61666666666707
1245,163.99999999999997,29.50000000000007
1246,147.6,108.56666666666686
1247,172.19999999999996,28.900000000000176
1248,137.76666666666662,29.299999999996643
1249,172.19999999999996,171.06666666666547
1250,45.10000000000001,36.74999999999999
1251,91.83333333333334,79.95000000000127
1252,172.19999999999996,-1.9166666666669414
1253,172.19999999999996,18.36666666666602
1254,155.79999999999998,17.016666666666268
1255,144.31666666666663,45.13333333333257
1256,180.39999999999995,110.80000000000342
1257,180.39999999999995,7.400000000000048
1258,259.3999999999999,28.099999999998147
1259,139.4,0.4833333333329506
1260,180.39999999999995,16.816666666666343
1261,180.39999999999995,16.816666666666052
1262,300.39999999999986,18.166666666667197
1264,147.6,71
1265,180.39999999999995,49.700000000001125
1266,163.99999999999997,23.955000000000105
1267,292.1999999999999,61.91666666666714
1268,180.39999999999995,26.100000000000094
1269,285.39999999999986,4.5666666666669755
1270,180.39999999999995,20.700000000000188
1271,118.06666666666662,48.233333333329654
1272,300.39999999999986,51.66666666666558
1273,90.19999999999997,40.050000000000026
1274,126.28333333333335,75.16666666666794
1275,180.39999999999995,-1.916666666666913
1276,180.39999999999995,18.36666666666605
1277,180.39999999999995,12.199999999999292
1283,65.41666666666666,62.51666666666554
1284,67.2,86.76666666667006
1285,142.60000000000002,0.29999999999996874
1287,142.60000000000002,42.999999999997954
1288,142.60000000000002,0.48333333333292217
1289,109.00000000000001,9.416666666666266
1290,138.50000000000003,1.3999999999989683
1291,125.40000000000002,24.26666666666705
1292,92.60000000000001,95.39999999999999
1293,109.00000000000001,47.033333333334
1294,118.00000000000001,0.005000000000059401
1295,100.80000000000001,7.116666666667015
1296,109.00000000000001,32.10000000000002
1297,25.4,6.9666666666668355
1298,142.60000000000002,20.700000000000102
1299,114.11666666666665,37.116666666662624
1300,142.60000000000002,35.56666666666544
1301,71.30000000000001,42.999999999999986
1302,99.78333333333333,65.38333333333493
1303,142.60000000000002,0.8833333333330131
1304,104.9,28.266666666665984
1305,134.40000000000003,2.2166666666661996
1306,104.96666666666663,62.549999999998875
1307,172.19999999999996,92.5666666666701
1308,131.20000000000002,2.09999999999998
1310,172.19999999999996,6.54999999999805
1311,131.20000000000002,2.2833333333329335
1312,131.20000000000002,9.416666666666252
1313,131.20000000000002,0.8666666666659779
1314,131.20000000000002,28.066666666667047
1315,147.6,102.30000000000001
1316,155.79999999999998,50.56666666666703
1317,104.96666666666663,4.038333333333448
1318,163.99999999999997,13.616666666667072
1319,114.80000000000003,34.30000000000001
1320,172.19999999999996,9.966666666666839
1321,172.19999999999996,20.70000000000016
1322,111.53333333333329,38.58333333332898
1323,147.6,38.966666666665446
1324,77.89999999999999,45.60000000000001
1325,114.80000000000001,65.18333333333496
1326,131.20000000000002,0.8833333333330131
1327,131.20000000000002,28.266666666665955
1328,131.20000000000002,3.4333333333332092
1331,131.19999999999996,66.18333333333155
1332,163.99999999999997,95.5666666666701
1333,163.99999999999997,2.600000000000037
1335,155.79999999999998,31.83333333333104
1336,131.20000000000002,2.2833333333329335
1337,139.4,6.416666666666281
1338,155.79999999999998,13.566666666666023
1339,155.79999999999998,36.26666666666709
1340,163.99999999999997,92.30000000000004
1341,163.99999999999997,54.400000000000034
1342,131.19999999999996,5.838333333333118
1343,163.99999999999997,57.11666666666707
1344,163.99999999999997,43.30000000000007
1345,163.99999999999997,20.966666666666868
1346,163.99999999999997,20.70000000000016
1347,118.08333333333329,41.49999999999598
1348,163.99999999999997,39.966666666665475
1349,65.60000000000001,46.749999999999986
1350,91.83333333333334,76.15000000000164
1351,163.99999999999997,0.88333333333307
1352,163.99999999999997,20.066666666666023
1353,41,2.1833333333332376
1357,150.86666666666665,71.31666666666487
1358,188.59999999999994,120.63333333333713
1359,188.59999999999994,1.500000000000071
1361,155.79999999999998,105.19999999999806
1362,188.59999999999994,2.283333333333019
1363,188.59999999999994,6.4166666666663374
1364,188.59999999999994,27.466666666666057
1365,188.59999999999994,59.666666666667126
1366,188.59999999999994,60.700000000000074
1367,98.40000000000002,5.999999999999986
1368,159.89999999999998,-0.8116666666668877
1369,188.59999999999994,91.01666666666709
1370,188.59999999999994,46.7000000000001
1371,188.59999999999994,25.966666666666896
1372,188.59999999999994,20.700000000000188
1373,131.18333333333328,47.31666666666298
1374,188.59999999999994,47.86666666666551
1375,94.29999999999997,54.95000000000003
1376,132.03333333333336,73.11666666666831
1377,188.59999999999994,0.8833333333330984
1378,188.59999999999994,20.066666666666052
1379,114.80000000000003,2.0500000000002103
1380,98.41666666666663,99.8999999999979
1381,155.79999999999998,120.8333333333371
1382,139.4,17.60000000000001
1384,123.00000000000003,107.28333333333103
1385,155.79999999999998,-1.7166666666670096
1386,139.4,1.6166666666662692
1387,155.79999999999998,50.66666666666602
1388,131.20000000000002,88.46666666666705
1389,155.79999999999998,73.40000000000003
1390,73.80000000000001,0.3883333333330725
1391,155.79999999999998,118.71666666666707
1392,147.6,48.10000000000005
1393,155.79999999999998,36.366666666666845
1394,155.79999999999998,60.90000000000015
1395,98.39999999999996,60.9166666666633
1396,155.79999999999998,102.06666666666553
1397,86.10000000000001,54.766666666666694
1398,109.06666666666668,89.05000000000204
1399,139.4,0.8833333333330415
1400,155.79999999999998,28.266666666666012
1401,147.6,0.7000000000001876
1403,131.19999999999996,104.33333333333098
1404,131.20000000000002,120.96666666667005
1405,106.60000000000002,2.999999999999986
1407,163.99999999999997,132.19999999999806
1408,147.6,-1.716666666667038
1409,123.00000000000003,-3.383333333333759
1410,163.99999999999997,48.66666666666602
1411,163.99999999999997,90.46666666666708
1412,131.20000000000002,56.19999999999999
1413,163.99999999999997,15.388333333333115
1414,147.6,115.61666666666704
1415,65.60000000000001,37.50000000000004
1416,163.99999999999997,41.366666666666845
1417,163.99999999999997,60.90000000000015
1418,111.51666666666662,75.39999999999664
1419,163.99999999999997,106.06666666666555
1420,114.80000000000001,59.766666666666694
1421,114.80000000000001,99.25000000000169
1422,163.99999999999997,17.283333333333076
1423,163.99999999999997,44.66666666666602
1424,163.99999999999997,7.616666666667271
1426,131.19999999999996,104.33333333333098
1427,172.19999999999996,120.43333333333712
1428,172.19999999999996,8.300000000000054
1430,172.19999999999996,158.9166666666651
1431,90.20000000000002,-1.7166666666670523
1432,163.99999999999997,-0.783333333333708
1433,172.19999999999996,29.466666666666057
1434,139.4,94.06666666666707
1435,172.19999999999996,44.00000000000006
1436,106.60000000000002,29.288333333333064
1437,98.40000000000002,93.21666666666702
1438,172.19999999999996,48.3000000000001
1439,163.99999999999997,66.16666666666686
1440,172.19999999999996,65.90000000000015
1441,137.74999999999997,74.64999999999628
1442,172.19999999999996,104.3666666666656
1443,86.11666666666667,63.566666666666734
1444,120.55000000000001,97.20000000000168
1445,139.4,24.283333333333047
1446,172.19999999999996,28.26666666666604
1447,163.99999999999997,8.03333333333427
1461,104.96666666666663,100.36666666666682
1463,90.20000000000002,2.1000000000002785
1466,90.20000000000002,167.88333333333173
1467,172.19999999999996,-1.7166666666670523
1468,172.19999999999996,-9.783333333333168
1469,172.19999999999996,10.766666666666097
1470,114.80000000000003,96.93333333333372
1471,172.19999999999996,46.8000000000001
1472,103.33333333333327,25.954999999999792
1474,155.79999999999998,46.500000000000114
1475,131.19999999999996,67.76666666666691
1476,172.19999999999996,57.50000000000017
1478,72.16666666666664,67.48333333333628
1479,137.76666666666662,95.59999999999897
1480,91.83333333333334,63.56666666666672
1481,34.43333333333334,107.06666666666834
1482,131.20000000000002,25.283333333333445
1483,172.19999999999996,28.26666666666668
1484,131.20000000000002,8.150000000000333
1485,144.31666666666663,93.55000000000018
1487,172.19999999999996,3.4000000000003183
1490,180.39999999999995,148.9833333333318
1491,114.80000000000003,-1.7166666666670523
1492,155.79999999999998,-12.283333333333168
1493,73.80000000000001,5.216666666666086
1494,180.39999999999995,108.53333333333377
1495,180.39999999999995,26.400000000000148
1496,86.09999999999998,4.854999999999812
1498,147.6,42.90000000000012
1499,137.74999999999994,76.85000000000028
1500,24.599999999999998,65.50000000000017
1502,144.31666666666663,70.16666666666964
1503,52.48333333333332,98.11666666666565
1504,109.05000000000001,64.0166666666667
1505,126.28333333333335,106.283333333335
1506,172.19999999999996,33.483333333333434
1507,114.80000000000003,28.26666666666668
1508,131.20000000000002,0.0333333333336725
1524,37.716666666666654,24.65000000000004
1525,34.43333333333332,22.56666666666669
1526,14.749999999999998,15.816666666666677
1527,34.43333333333332,-1.433333333333323
1532,0,154
1535,172.19999999999996,103.01666666666706
1536,180.39999999999995,86.61666666666711
1537,172.19999999999996,119.23333333333716
1541,16.4,0
1542,172.19999999999996,0
1543,172.19999999999996,0
1544,98.40000000000002,3
1545,41,0
1546,172.19999999999996,0
1547,163.99999999999997,3
1548,155.79999999999998,3
1549,137.76666666666662,4.733333333333377
1550,144.31666666666663,0.41666666666674246
1551,114.11666666666665,1.3000000000000966
1552,172.19999999999996,1.6000000000001364
1553,163.99999999999997,4.600000000000165
1554,188.59999999999994,31.000000000000227
1555,147.6,132.40000000000023
1556,139.4,172.00000000000023
1557,172.19999999999996,175.80000000000027
1558,90.20000000000002,-1.4210854715202004e-14
1559,163.99999999999997,4.000000000000014
1560,106.60000000000002,4.3999999999999915
1562,137.74999999999994,93.55000000000024
1563,82.00000000000001,119.3666666666705
1564,172.19999999999996,6.000000000000313
1565,180.39999999999995,3
1567,137.74999999999994,189.6833333333319
1569,36.08333333333332,3.9166666666666785
1570,155.79999999999998,-1.7166666666670523
1571,122.95000000000003,-10.23333333333317
1573,172.11666666666665,29.766666666666126
1576,137.74999999999994,124.78333333333383
1577,36.08333333333332,8.416666666666679
1578,163.99999999999997,18.400000000000176
1579,39.3,22.554999999999815
1581,172.19999999999996,97.66666666666715
1582,36.08333333333332,33.16666666666672
1583,137.74999999999994,98.7000000000003
1584,172.19999999999996,77.20000000000019
1585,180.39999999999995,12.200000000000017
1586,137.74999999999994,32.50000000000303
1587,138.51666666666662,91.59999999999903
1588,36.08333333333332,25.233333333333356
1589,114.80000000000001,73.21666666666668
1590,120.55000000000001,112.23333333333498
1591,172.19999999999996,49.68333333333342
1592,163.99999999999997,32.46666666666667
1593,155.79999999999998,41.100000000000136
1594,180.39999999999995,-6.399999999999949
1595,138.53333333333327,99.8833333333336
1596,172.19999999999996,126.83333333333717
1597,86.09999999999998,7.300000000000324
1598,131.19999999999996,249.06666666666527
1599,114.80000000000003,-1.7166666666670523
1600,155.75,-4.183333333333188
1601,172.13333333333333,36.566666666666165
1602,137.76666666666662,124.5166666666672
1603,98.40000000000002,25.000000000000156
1604,0,22.554999999999815
1605,155.79999999999998,117.4666666666672
1606,163.99999999999997,49.100000000000165
1607,124.64999999999995,121.65000000000035
1608,86.09999999999998,82.90000000000018
1609,124.63333333333328,19.866666666669744
1610,138.53333333333327,92.59999999999908
1611,104.96666666666663,69.25000000000006
1612,91.83333333333334,138.40000000000163
1613,155.79999999999998,43.28333333333342
1614,163.99999999999997,32.46666666666667
1616,163.99999999999997,-0.3999999999999204
1617,147.6,3
1618,24.599999999999998,126.90000000000012
1619,34.43333333333332,0.8166666666666842
1620,34.43333333333332,10.983333333333356
1621,31.14999999999999,43.416666666666735
1622,172.19999999999996,12.200000000000045
1623,34.43333333333332,29.800000000000033
1624,188.59999999999994,119.40000000000006
1625,131.20000000000002,120.20000000000383
1633,180.39999999999995,126.00000000000011
1634,86.09999999999998,2.842170943040401e-14
1636,86.09999999999998,-11.399999999999977
1637,180.39999999999995,-3.7999999999998693
1638,180.39999999999995,3.0000000000000284
1639,0,126.90000000000012
1640,29.51666666666666,2.4868995751603507e-14
1641,36.08333333333332,12.900000000000034
1642,22.96666666666666,60.450000000000074
1643,139.4,13.200000000000045
1644,36.08333333333332,28.71666666666671
1645,145.13333333333327,106.80000000000031
1646,180.39999999999995,61.9333333333372
1647,90.19999999999997,9.700000000000358
1648,238.08333333333331,136.93333333333197
1649,180.39999999999995,-1.7166666666670523
1650,180.33333333333331,-2.1166666666665535
1651,172.14999999999998,64.8666666666662
1652,264.31666666666666,2.200000000000543
1653,172.19999999999996,28.300000000000196
1654,0,22.554999999999815
1655,297.39999999999986,22.06666666666733
1656,180.39999999999995,36.700000000000216
1657,175.26666666666665,10.783333333333715
1658,90.19999999999997,92.7000000000002
1659,144.31666666666663,34.55000000000311
1660,236.91666666666666,19.683333333332428
1661,145.13333333333327,73.93333333333342
1662,120.55000000000001,149.85000000000161
1663,180.39999999999995,45.08333333333343
1664,180.39999999999995,32.46666666666667
1668,163.95,2.30000000000004
1669,180.39999999999995,2.842170943040401e-14
1670,74.61666666666667,0.21666666666665435
1671,90.19999999999997,-20.59999999999995
1672,90.19999999999997,7.105427357601002e-14
1675,14.75,2.75
1676,134.60000000000002,26.600000000000108
1677,126.40000000000002,8.800000000000054
1678,126,0.9000000000001194
1679,22.949999999999996,2.842170943040401e-14
1680,19.68333333333333,-21.783333333333296
1681,0,16.450000000000074
1682,174.39999999999998,21.000000000000057
1683,27.883333333333326,2.8333333333333854
1684,120,32.60000000000032
1685,0,61.9333333333372
1686,67.30000000000001,9.000000000000355
1687,82.74999999999999,133.533333333332
1688,134.60000000000002,3.0833333333329307
1689,94.80000000000001,4.483333333333455
1690,119.40000000000002,54.966666666666185
1691,76.18333333333332,6.01666666666722
1692,82.00000000000001,8.000000000000185
1693,0,22.554999999999815
1694,134.60000000000002,2.966666666667308
1695,174.39999999999998,41.7000000000002
1696,0,10.783333333333715
1697,67.59166666666668,4.908333333333516
1698,107.71666666666664,29.83333333333647
1699,107.71666666666664,33.96666666666579
1700,107.71666666666664,88.21666666666678
1701,88.50000000000001,21.45000000000158
1702,153.4,3.650000000000105
1703,94.80000000000001,36.06666666666668
1705,134.60000000000002,0.39999999999997726
1706,67.30000000000001,5.684341886080802e-14
1707,67.30000000000001,-19.899999999999963
1708,66.53333333333335,51.93333333333331
1709,130.5,7.333333333333371
1716,81.19166666666668,11.058333333333323
1718,180.33333333333331,29.90000000000009
1719,142.8,22.10000000000008
1721,176,33.60000000000011
1722,95.99999999999997,20.850000000000037
1723,176,1.200000000000088
1724,168,32.10000000000008
1725,0,0.9000000000001194
1726,32.00000000000001,2.1316282072803006e-14
1727,35.20000000000001,-20.983333333333306
1728,35.20000000000001,16.450000000000067
1729,176,18.800000000000068
1730,35.20000000000001,3.6333333333333755
1731,117.59999999999995,103.9166666666667
1732,108.75000000000003,42.183333333333636
1733,168,73.26666666667055
1734,76,13.600000000000364
1735,168,19.33333333333337
1736,102.36666666666669,152.1666666666653
1737,176,2.3999999999999773
1738,128,3.0833333333329307
1739,136,11.483333333333455
1740,136,50.466666666666185
1741,134.33333333333337,97.35000000000058
1742,96,18.85000000000015
1743,12.8,14.004999999999814
1744,168,114.56666666666726
1745,176,68.7000000000002
1746,134.33333333333337,15.450000000000344
1747,84,2.3333333333335986
1748,108.75000000000003,44.08333333333644
1749,134.33333333333337,87.63333333333242
1750,108.73333333333336,107.71666666666673
1752,136,37.650000000000105
1753,136,39.46666666666668
1755,76,5.684341886080802e-14
1756,84,-13.299999999999955
1758,176,10.5
1759,176,6.25
1760,144,0
1762,168,0
1763,176,2
1796,100.79999999999997,114.50000000000006
1797,121.53333333333337,32.583333333333584
1798,152,72.10000000000386
1799,80,40.600000000000364
1800,160,26.933333333333422
1801,99.15833333333336,99.1749999999986
1802,160,16.399999999999977
1803,128,3.0833333333329307
1804,160,11.483333333333455
1805,128,47.716666666666185
1806,115.13333333333337,106.21666666666721
1807,160,22.85000000000015
1808,0,14.004999999999814
1809,160,139.06666666666726
1810,156,0
1811,160,70.7000000000002
1812,127.93333333333338,26.516666666666964
1813,80,12.333333333333599
1814,111.99999999999996,34.50000000000004
1815,127.93333333333338,45.15000000000306
1816,127.93333333333338,91.69999999999904
1817,95.95000000000002,113.71666666666671
1818,136,54.650000000000105
1819,160,43.466666666666654
1820,80,5.684341886080802e-14
1821,80,-6.2999999999999545
1822,152,-4
1824,160,38.60000000000011
1825,160,2
1826,91.19999999999997,19.650000000000063
1827,160,9
1828,160,5.200000000000088
1829,152,44.10000000000008
1830,0,0.9000000000001194
1831,20.8,2.1316282072803006e-14
1832,28.800000000000008,-19.783333333333314
1833,32.00000000000001,18.45000000000006
1834,120,17.950000000000074
1835,32.00000000000001,9.633333333333372
1836,160,9.25
1838,84,25.5
1839,184,43.60000000000011
1840,184,0
1841,110.39999999999996,22.5000000000001
1842,184,19
1843,104,5.200000000000088
1844,184,78.10000000000008
1845,0,0.9000000000001194
1847,36.80000000000001,-19.583333333333325
1848,184,12.5
1849,36.80000000000001,17.65000000000005
1850,176,15.483333333333405
1852,36.80000000000001,10.33333333333336
1853,92,5.684341886080802e-14
1854,92,-6.2999999999999545
1855,168,-4
1856,128.79999999999995,154.4500000000001
1857,147.1166666666667,49.96666666666688
1858,184,78.76666666667046
1859,92,42.100000000000364
1860,184,71.93333333333342
1862,184,20.399999999999977
1863,184,3.0833333333329307
1864,168,7.483333333333455
1865,184,77.71666666666619
1866,147.1166666666667,127.1000000000005
1867,184,59.35000000000015
1868,0,14.004999999999814
1869,128,83.06666666666726
1870,184,10
1871,184,64.7000000000002
1872,147.1166666666667,35.40000000000026
1873,92,32.3333333333336
1874,128.79999999999995,59.70000000000009
1875,140.73333333333338,43.416666666669684
1876,147.1166666666667,170.08333333333235
1877,147.1166666666667,125.60000000000001
1878,184,61.650000000000105
1879,180,43.466666666666654
1891,3.75,20.70000000000158
1892,0,24.70000000000158
1893,3,28.70000000000158
1894,45.599999999999994,2.4000000000000057
1895,136,53.10000000000011
1896,84,10
1897,71.99999999999999,22.91666666666677
1898,144,22.5
1899,104,5.200000000000088
1900,136,103.10000000000008
1901,0,0.9000000000001194
1903,20.8,-20.383333333333326
1904,104,20.5
1905,27.200000000000006,22.450000000000042
1906,128,7.483333333333405
1907,14.399999999999999,19.933333333333362
1908,83.99999999999999,51.50000000000013
1909,95.95000000000002,50.016666666666865
1910,152,99.76666666667052
1911,68,16.100000000000364
1912,86.39999999999998,2.400000000000034
1913,128,100.93333333333342
1915,128,8.399999999999977
1916,152,3.0833333333329307
1917,136,26.483333333333455
1918,152,43.716666666666185
1919,83.15,134.9500000000005
1920,144,86.85000000000015
1921,31.983333333333334,7.52166666666648
1922,0,83.06666666666726
1923,140,12
1924,128,67.7000000000002
1925,115.15000000000003,52.25000000000023
1926,72,78.3333333333336
1927,136,73.70000000000009
1928,89.55000000000001,47.86666666666967
1929,57.58333333333333,204.49999999999903
1930,105.56666666666669,2.999999999999986
1931,112,61.650000000000105
1932,152,41.466666666666654
1933,152,0
1940,184,0
1941,72,-6.999999999999943
1942,72,-6.2999999999999545
1943,128,17
1944,96,62.10000000000011
1945,160,31
1946,91.19999999999997,33.800000000000125
1947,152,50.5
1949,176,157.10000000000008
1950,0,0.9000000000001194
1951,32.00000000000001,-17.883333333333333
1952,160,40
1953,32.00000000000001,22.450000000000035
1954,104,-28.516666666666595
1955,27.200000000000006,28.733333333333356
1956,67.2,68.80000000000013
1957,121.53333333333337,56.48333333333349
1958,160,113.26666666667055
1959,76,25.100000000000364
1961,128,126.93333333333342
1962,160,9.399999999999977
1963,128,3.0833333333329307
1964,152,41.483333333333455
1965,160,29.716666666666185
1966,127.93333333333338,153.0166666666671
1967,152,-2
1968,160,93.35000000000015
1969,95.99999999999997,8.021666666666508
1970,0,83.06666666666726
1971,148,12
1972,160,61.7000000000002
1973,127.95000000000005,68.30000000000018
1974,80,84.3333333333336
1975,136,82.70000000000009
1976,95.95000000000002,53.916666666669656
1977,95.96666666666668,206.53333333333234
1978,102.35000000000002,5.799999999999969
1979,51.20000000000001,1.79999999999999
1980,152,63.650000000000105
1981,160,41.466666666666654
1982,160,0
1983,76,-11.999999999999943
1984,80,-15.299999999999955
1985,160,28.5
1986,176,0
1988,16.8,3.552713678800501e-14
1991,104,2
1994,160,66.10000000000011
1995,176,37
1996,168,-9
1997,95.99999999999997,35.80000000000015
1998,144,51.5
1999,160,6
2000,160,8.200000000000088
2001,168,160.10000000000008
2002,0,0.9000000000001194
2003,27.200000000000006,-17.58333333333334
2004,176,44.75
2005,35.20000000000001,23.250000000000025
2007,35.20000000000001,32.533333333333346
2008,84,1.0000000000000568
2009,88,-34.299999999999955
2010,176,27.5
2011,0,68.80000000000013
2012,108.73333333333336,60.75000000000013
2013,160,106.43333333333723
2014,80,-2.399999999999636
2016,176,87.43333333333342
2017,176,21.399999999999977
2018,144,3.0833333333329307
2019,176,34.483333333333455
2020,144,12.216666666666185
2021,108.73333333333336,155.28333333333376
2022,176,-2
2023,176,64.35000000000015
2024,100.79999999999997,15.22166666666654
2025,0,83.06666666666726
2026,152,10
2027,168,47.7000000000002
2028,102.35000000000002,73.95000000000016
2029,88,59.3333333333336
2030,160,104.70000000000009
2031,140.7166666666667,54.20000000000296
2032,140.7166666666667,228.81666666666564
2033,137.5166666666667,17.08333333333327
2034,70.40000000000002,5.39999999999997
2035,176,63.650000000000105
2036,148,41.466666666666654
2037,140,0
2038,95.19999999999997,15.133333333333354
2049,160,8.200000000000088
2068,168,67.10000000000011
2069,160,37
2070,160,-9
2071,67.19999999999999,36.600000000000165
2072,160,51.5
2073,160,19
2074,120,11.200000000000088
2075,160,136.10000000000008
2076,0,0.9000000000001194
2077,24.000000000000004,-17.583333333333343
2078,160,46.75
2079,33.60000000000001,23.650000000000016
2081,28.800000000000008,26.933333333333337
2082,0,68.80000000000013
2083,134.33333333333337,46.41666666666676
2084,104,128.60000000000392
2085,42,-2.399999999999636
2087,168,84.43333333333342
2088,117.59999999999995,13.866666666666731
2089,160,5.399999999999977
2090,136,3.0833333333329307
2091,80,42.983333333333455
2092,64,17.216666666666185
2093,95.95000000000002,159.33333333333374
2094,144,-2
2095,120,57.35000000000015
2096,100.79999999999997,18.92166666666657
2097,0,83.06666666666726
2098,148,10
2099,152,55.7000000000002
2100,115.13333333333337,64.01666666666678
2101,80,68.3333333333336
2102,164,104.70000000000009
2103,70.36666666666666,46.8333333333363
2104,115.15000000000003,182.48333333333227
2105,92.75000000000003,26.333333333333243
2106,48.00000000000001,0.39999999999996305
2107,88,63.650000000000105
2108,160,41.466666666666654
2109,168,0
2110,70.36666666666666,3.38333333333334
2111,44,-0.9999999999999432
2112,80,-41.299999999999955
2113,168,27.5
2115,88,0
2116,112,67.10000000000011
2117,160,37
2118,120,-9
2119,67.19999999999999,38.400000000000176
2120,176,51.5
2121,144,22
2122,160,11.200000000000088
2123,64,136.10000000000008
2124,0,0.9000000000001194
2125,28.800000000000008,-16.38333333333335
2126,56,38.75
2127,35.20000000000001,7.105427357601002e-15
2128,15.999999999999998,26.33333333333334
2129,0,1.2789769243681803e-13
2130,140.73333333333338,46.68333333333338
2131,96,128.6000000000039
2132,88,-2.399999999999636
2133,72,83.93333333333342
2134,123.19999999999995,32.58333333333344
2135,104,13.399999999999977
2136,168,3.0833333333329307
2137,152,26.983333333333455
2138,152,18.216666666666185
2139,115.15000000000003,161.1833333333337
2140,144,-2
2141,80,66.85000000000015
2142,71.99999999999999,6.421666666666585
2143,140.73333333333338,7.56666666666726
2144,156,10
2145,152,57.7000000000002
2146,134.33333333333337,64.01666666666675
2147,16,78.3333333333336
2148,88,104.70000000000009
2149,140.73333333333338,49.10000000000292
2150,63.96666666666666,186.5166666666656
2151,140.73333333333338,1.899999999999963
2152,156,0
2153,121.55000000000004,43.7833333333332
2154,62.40000000000002,-6.000000000000057
2155,144,63.650000000000105
2156,88,41.466666666666654
2157,148,0
2158,88,-0.9999999999999432
2159,16,-40.299999999999955
2160,96,27.5
2178,120,72.10000000000011
2179,168,37
2180,168,-9
2181,100.79999999999997,39.60000000000021
2182,56,43.5
2183,128,32
2184,156,13.200000000000088
2185,168,136.10000000000008
2186,0,0.9000000000001194
2187,33.60000000000001,-6.983333333333359
2188,168,21.5
2190,33.60000000000001,37.733333333333334
2192,0,1.2789769243681803e-13
2193,134.31666666666672,42.36666666666666
2194,152,146.9333333333372
2195,84,14.600000000000364
2196,168,67.43333333333342
2197,67.2,20.300000000000104
2198,160,-2.842170943040401e-14
2199,128,3.0833333333329307
2200,112,30.983333333333455
2201,168,29.716666666666185
2202,134.31666666666672,169.866666666667
2203,128,-4
2204,168,53.85000000000015
2205,69.6,15.82166666666659
2206,134.31666666666672,4.75000000000054
2207,80,7
2208,160,57.7000000000002
2209,136,78.01666666666675
2210,84,52.8333333333336
2211,168,105.70000000000009
2212,102.33333333333336,50.766666666669565
2213,134.31666666666672,193.19999999999888
2214,134.31666666666672,4.833333333333243
2215,168,0
2216,89.55000000000001,49.18333333333318
2217,168,-5.684341886080802e-14
2218,168,63.650000000000105
2219,168,41.466666666666654
2220,72,0
2222,84,4.263256414560601e-14
2223,168,31.5
2224,84,5.684341886080802e-14
2225,176,74.10000000000011
2226,96,37
2227,176,4
2228,105.59999999999997,35.00000000000024
2229,168,56.5
2230,176,66
2231,168,13.200000000000088
2232,176,165.10000000000008
2233,0,0.9000000000001194
2234,35.20000000000001,0.8166666666666309
2235,176,17.5
2236,27.200000000000006,49.53333333333333
2238,176,6
2240,168,44
2241,160,4
2243,76.76666666666667,61.599999999999994
2244,176,130.76666666667055
2245,140.73333333333338,22.366666666666987
2246,176,65.93333333333342
2247,31.983333333333334,21.56666666666677
2249,152,3.0833333333329307
2250,176,49.483333333333455
2251,176,39.216666666666185
2252,140.73333333333338,178.1333333333336
2253,144,-12
2254,176,36.85000000000015
2255,0,15.82166666666659
2256,115.15000000000003,24.600000000000506
2257,168,5.5
2258,160,47.7000000000002
2259,144,86.01666666666675
2260,176,63.8333333333336
2261,160,120.70000000000009
2262,140.73333333333338,72.03333333333619
2263,108.75000000000003,181.44999999999885
2264,121.55000000000004,-0.050000000000096634
2265,140,0
2266,108.75000000000003,66.5166666666665
2268,176,69.6500000000001
2269,168,41.466666666666654
2270,176,-1
2274,176,77.10000000000011
2275,172,37
2276,176,4
2277,95.99999999999997,30.00000000000027
2278,160,62.5
2279,176,91
2281,176,135.10000000000008
2282,112,-18.433333333333223
2283,35.20000000000001,0.616666666666621
2284,176,11.25
2285,35.20000000000001,51.33333333333332
2287,140.73333333333338,59.86666666666662
2288,168,105.10000000000392
2289,134.33333333333337,11.533333333333616
2290,168,78.93333333333342
2291,0,21.56666666666677
2293,152,3.0833333333329307
2294,176,48.483333333333455
2295,116,29.216666666666185
2296,140.73333333333338,36.40000000000023
2297,144,-11
2298,168,48.35000000000015
2299,24,21.82166666666659
2300,108.75000000000003,52.85000000000048
2301,152,26.5
2302,176,27.700000000000202
2303,144,0.016666666666750984
2304,176,81.8333333333336
2305,152,17.700000000000088
2306,115.15000000000003,78.88333333333615
2307,140.73333333333338,34.716666666665475
2308,115.13333333333337,3.6499999999998494
2309,168,34.166666666666686
2310,115.13333333333337,67.33333333333312
2312,176,23.650000000000105
2313,152,41.466666666666654
2314,168,0
2316,176,22
2318,168,56.5
2319,168,17
2321,116,18
2323,128,41.5
2324,120,23
2333,100.80000000000003,-4.800000000000026
2334,112,7.500000000000114
2335,120,37
2336,72,4
2337,81.59999999999998,36.40000000000029
2338,104,85.5
2339,112,113
2340,152,92.10000000000008
2341,120,-15.099999999999895
2342,20,-4.618527782440651e-14
2343,120,0
2344,25.600000000000005,16.399999999999984
2372,115.1166666666667,38.749999999999915
2373,48,79.60000000000392
2374,31.96666666666667,-0.4333333333330529
2375,152,49.93333333333342
2376,0,21.56666666666677
2377,126.00000000000004,-10.800000000000068
2378,96,3.0833333333329307
2379,112,48.483333333333455
2380,64,5.716666666666185
2381,79.95,43.45000000000023
2382,36,-10
2383,64,42.35000000000015
2384,86.39999999999998,9.921666666666614
2385,102.35000000000002,73.50000000000045
2386,136,36.5
2387,96,44.7000000000002
2388,112,0.016666666666750984
2389,152,45.8333333333336
2390,120,34.70000000000009
2391,121.51666666666671,57.366666666669445
2392,102.33333333333336,38.38333333333212
2393,121.51666666666671,5.216666666666484
2394,144,10.666666666666686
2395,121.51666666666671,44.166666666666416
2396,152,25.650000000000105
2397,96,41.466666666666654
2398,112,0
2400,152,18.5
2401,152,0
2402,152,0
2403,152,-8
2408,104,0
2419,144,22
2420,160,47
2421,168,32.25
2422,168,19
2423,112,-7.25
2424,160,37
2427,134.33333333333337,37.41666666666654
2428,176,75.10000000000389
2429,134.33333333333337,18.233333333333576
2430,104,33.93333333333342
2431,0,21.56666666666677
2432,176.40000000000006,-19.20000000000013
2433,160,3.0833333333329307
2434,152,28.483333333333455
2435,136,14.466666666666185
2436,144,53.00000000000024
2437,144,52.35000000000015
2438,108.75000000000003,10.671666666666585
2439,121.55000000000004,104.95000000000041
2440,176,18.5
2441,48,39.7000000000002
2442,128,0.016666666666750984
2443,168,39.8333333333336
2444,156,9.0000000000001
2445,134.33333333333337,36.033333333336074
2446,134.33333333333337,42.54999999999875
2447,134.33333333333337,11.04999999999977
2448,128,32.133333333333326
2449,134.33333333333337,34.16666666666639
2450,168,3.650000000000105
2451,144,41.466666666666654
2452,172,4
2453,160,7.500000000000114
2454,176,24
2455,176,37
2456,176,8
2457,84,37.40000000000029
2458,8,77.5
2459,176,120
2460,176,77.10000000000008
2461,136,2.900000000000105
2463,33.60000000000001,24.799999999999976
2464,144,1
2465,115.15000000000003,-6.150000000000034
2471,144,-3
2472,144,6
2474,62.399999999999984,0.6000000000000014
2475,168,9.500000000000114
2476,168,11
2477,160,24
2478,168,37
2479,168,8
2480,102,23.40000000000029
2481,160,70.5
2482,168,136
2483,160,77.10000000000008
2484,152,4.900000000000105
2486,28.800000000000008,41.99999999999997
2487,0,60
2551,168,0
2552,108.73333333333336,33.68333333333318
2553,168,89.93333333333726
2554,89.55000000000001,2.2737367544323206e-13
2555,0,33.93333333333342
2556,0,21.56666666666677
2557,117.60000000000004,-6.800000000000168
2558,96,3.0833333333329307
2559,156,30.983333333333455
2560,152,26.466666666666185
2561,168,60.00000000000024
2562,168,60.35000000000015
2563,134.33333333333337,-4.483333333333405
2564,152,0.5
2565,108.75000000000003,36.92166666666655
2566,127.93333333333338,108.01666666666704
2567,168,24
2568,168,39.7000000000002
2570,168,58.8333333333336
2571,164,13.5000000000001
2572,134.33333333333337,53.7000000000027
2573,115.15000000000003,59.39999999999871
2574,134.33333333333337,19.29999999999974
2575,160,60.29999999999998
2576,70.36666666666666,39.499999999999716
2577,100.79999999999997,1.8000000000000327
2578,168,17.650000000000105
2579,120,1.4666666666666544
2580,112,4
2581,168,0
2582,168,22
2583,144,53
2584,168,43.25
2585,160,43
2586,168,-0.5
2587,168,30
2588,168,0
2596,168,0
2602,112,0
2607,160,0
2611,33.6,0
2612,160,-2
2613,121.53333333333337,57.64999999999981
2614,160,105.43333333333726
2615,0,33.93333333333342
2616,0,21.56666666666677
2617,156,0
2618,168.00000000000006,0.19999999999977547
2619,160,3.0833333333329307
2620,144,27.983333333333455
2621,152,77.46666666666619
2622,160,92.00000000000024
2623,160,96.85000000000015
2624,160,0
2625,160,3
2626,127.93333333333338,-0.4166666666667851
2627,160,6
2628,102.33333333333336,53.588333333333196
2629,127.93333333333338,167.08333333333366
2630,152,16
2631,144,43.533333333333516
2632,160,78.8333333333336
2633,140,32.0000000000001
2634,127.93333333333338,50.76666666666932
2635,127.93333333333338,69.46666666666533
2636,127.93333333333338,22.023333333333028
2637,160,121.31666666666666
2638,127.93333333333338,38.066666666666336
2639,95.99999999999997,19.30000000000006
2640,111.99999999999996,4.263256414560601e-14
2641,160,17.650000000000105
2642,160,16
2643,160,13.000000000000114
2644,160,12
2645,160,43
2646,136,39
2647,112,12
2648,96,23.40000000000029
2649,0,136
2650,160,78.5
2651,152,157
2652,88,132.10000000000008
2653,128,40.900000000000105
2655,32.00000000000001,43.999999999999964
2659,160,-2
2662,160,28
2678,24,43
2679,160,58.25
2680,160,2
2681,152,0
2682,160,61
2683,160,12.416666666666657
2684,160,31
2685,168,-1
2686,144,29
2687,120,69
2688,168,72.75
2689,80,0
2690,168,29.166666666666657
2691,160,31
2692,152,-1
2693,134.33333333333337,43.316666666666436
2694,168,106.60000000000394
2695,0,33.93333333333342
2696,0,21.56666666666677
2697,168,0
2698,75.60000000000001,-2.2737367544323206e-13
2699,168,0
2700,120,3.0833333333329307
2701,136,33.983333333333455
2702,152,73.46666666666619
2703,136,102.00000000000024
2704,168,74.35000000000015
2705,168,0
2706,112,3
2707,95.96666666666668,3.616666666666532
2708,168,12
2709,83.16666666666667,62.421666666666525
2710,134.33333333333337,234.75000000000028
2711,168,28
2712,168,37.533333333333516
2713,168,70.8333333333336
2714,160,48.0000000000001
2715,108.75000000000003,52.016666666669295
2716,89.55000000000001,70.91666666666532
2717,95.96666666666668,32.88999999999969
2718,152,126.4
2719,134.33333333333337,1.3166666666662934
2720,123.19999999999999,32.60000000000007
2721,117.59999999999995,8.526512829121202e-14
2722,168,29.650000000000105
2723,144,20
2724,168,-0.5
2725,168,0
2726,168,22.000000000000114
2727,168,21
2728,168,43
2729,104,39
2730,176,0
2731,66,5.40000000000029
2732,0,210
2733,168,67.5
2734,176,178
2735,176,141.10000000000008
2736,168,60.900000000000105
2737,22.400000000000002,42.599999999999966
2745,88,6
2747,136,33.5
2748,160,43
2749,160,79
2750,80,75.75
2751,160,73.16666666666666
2752,136,32
2760,120,33.000000000000114
2761,168,30
2762,168,43
2763,64,40
2765,0,274
2766,152,43.5
2767,160,199
2768,160,164.10000000000008
2769,120,89.9000000000001
2770,28.800000000000008,63.799999999999955
2771,152,-1
2772,95.93333333333335,46.383333333333084
2773,144,104.93333333333729
2774,152,4
2775,0,33.93333333333342
2776,0,21.56666666666677
2777,148,0
2778,144,0.75
2779,112,3.0833333333329307
2780,144,30.983333333333455
2781,136,72.46666666666619
2782,136,113.00000000000024
2783,160,41.35000000000015
2784,160,2
2785,160,6
2786,127.91666666666671,-2.300000000000182
2787,160,14
2788,64,12
2789,108.73333333333336,62.68833333333316
2790,127.91666666666671,225.83333333333357
2791,152,27
2792,152,35.533333333333516
2793,160,92.8333333333336
2794,120,50.0000000000001
2795,102.33333333333336,56.68333333333594
2796,115.13333333333337,84.78333333333195
2797,127.91666666666671,37.30666666666629
2798,136,122.08333333333334
2799,127.91666666666671,8.16666666666623
2800,144,45.60000000000007
2801,92.39999999999998,1.1368683772161603e-13
2802,128,31.650000000000105
2803,144,20
2804,152,5
2808,88,0
2809,6,0.1500000000002899
2849,160,0
2850,144,-1
2851,89.55000000000001,72.83333333333307
2852,128,116.600000000004
2853,152,14
2854,0,33.93333333333342
2856,132,0
2857,64,0.75
2858,160,3.0833333333329307
2859,152,22.983333333333455
2860,160,45.466666666666185
2861,160,117.00000000000024
2862,160,36.35000000000015
2863,160,6
2864,132,1
2865,127.93333333333338,7.766666666666438
2866,160,14
2867,148,22
2868,136,83.68833333333316
2869,127.93333333333338,213.9000000000002
2870,160,32
2871,160,38.533333333333516
2872,160,64.8333333333336
2873,160,52.0000000000001
2874,127.93333333333338,55.75000000000256
2875,127.93333333333338,125.84999999999857
2876,121.53333333333337,37.10666666666626
2877,160,106.08333333333334
2878,121.53333333333337,16.899999999999565
2879,120,41.10000000000007
2881,160,36.650000000000105
2882,160,32
2884,160,42.000000000000114
2885,120,36
2886,160,24
2887,80,45
2888,0,350
2889,160,28.5
2890,152,213
2891,152,175.10000000000008
2892,152,99.9000000000001
2893,32.00000000000001,73.79999999999995
2894,128,2
2895,160,43.5
2896,160,54
2897,160,89
2898,160,79.25
2899,136,77.66666666666666
2900,160,50
2917,136,0
2918,184,-1
2919,147.13333333333338,89.69999999999969
2920,160,115.43333333333734
2921,176,13
2922,0,33.93333333333342
2923,180,0
2924,184,5.25
2925,184,3.0833333333329307
2926,152,16.983333333333455
2927,184,28.466666666666185
2928,72,116.50000000000024
2929,40,44.35000000000015
2930,48,6
2931,184,1
2932,140.73333333333338,7.033333333333061
2933,144,17
2934,160,28
2935,165.59999999999997,66.0883333333332
2936,140.73333333333338,188.66666666666683
2937,160,37.5
2938,184,32.533333333333516
2939,184,84.8333333333336
2940,168,53.0000000000001
2941,83.16666666666667,42.58333333333589
2942,152,95.84999999999857
2943,51.18333333333333,39.25666666666627
2944,152,112.33333333333334
2945,127.93333333333338,21.299999999999557
2946,168,54.10000000000007
2947,104,42.650000000000105
2948,176,33
2950,184,24
2951,144,14
2952,184,74
2953,184,40.25
2954,184,57.66666666666666
2955,136,50
2956,168,60.000000000000114
2957,184,36
2958,184,24
2959,132,46
2960,0,422
2961,184,28.5
2962,184,63
2963,160,148.10000000000008
2964,136,120.9000000000001
2966,112,12.5
2967,160,3.5
2968,160,12
2969,184,13
2972,144,0
2973,112,-1
2974,121.51666666666671,64.18333333333298
2975,160,129.76666666667072
2976,80,14
2978,72,0
2979,160,7.75
2980,160,3.0833333333329307
2981,136,10.983333333333455
2982,32,24.466666666666185
2983,168,104.50000000000024
2984,120,56.35000000000015
2985,168,16
2986,156,1
2987,115.1166666666667,-4.083333333333641
2988,168,9
2989,112,39.5
2990,115.20000000000003,19.888333333333165
2991,102.35000000000002,182.3166666666668
2992,152,39.5
2993,160,26.533333333333516
2994,24,92.8333333333336
2995,80,56.5000000000001
2996,134.31666666666672,56.26666666666917
2997,112,97.84999999999857
2998,134.31666666666672,37.35666666666621
2999,88,64.33333333333334
3000,95.95000000000002,23.34999999999954
3001,96,56.60000000000007
3002,160,43.650000000000105
3003,152,34
3004,80,13
3005,120,5.5
3006,56,24
3007,168,-18
3008,88,68
3009,168,26.25
3010,152,54.16666666666666
3011,88,43
3012,164,40.000000000000114
3013,176,28
3014,96,24
3015,176,47
3016,0,499
3017,80,28.5
3018,56,54
3019,144,77.10000000000008
3020,64,101.9000000000001
3022,80,21.5
3025,176,0
3026,168,26.5
3027,168,28
3028,168,-18
3029,168,77
3030,168,29.25
3031,168,96.16666666666666
3032,168,47
3033,168,0
3034,112,0
3035,134.33333333333337,108.34999999999961
3036,168,122.26666666667072
3037,168,20.5
3039,160,0
3040,120,5.75
3041,120,3.0833333333329307
3042,168,19.483333333333455
3043,160,34.466666666666185
3044,168,3.5
3045,168,123.50000000000024
3046,168,51.35000000000015
3048,152,1
3049,134.33333333333337,8.583333333332988
3050,168,9
3051,164,40
3052,122.40000000000003,48.48833333333313
3053,121.55000000000004,207.76666666666677
3054,88,42.5
3055,144,23.533333333333516
3056,168,102.8333333333336
3057,168,66.5000000000001
3058,102.35000000000002,60.916666666669144
3059,168,132.84999999999857
3060,134.33333333333337,40.85666666666615
3061,160,57.83333333333334
3062,134.33333333333337,27.84999999999951
3063,160,66.60000000000008
3064,168,35.650000000000105
3065,120,34
3066,168,13
3067,168,20.000000000000114
3068,168,27
3069,168,24
3070,152,51
3071,0,575
3073,168,64
3074,168,72.10000000000008
3075,160,176.9000000000001
3076,168,0
3078,136,39
3081,80,0
3082,184,47.5
3083,184,45.5
3084,184,-10
3085,184,89
3086,184,53.75
3087,184,0
3088,184,54.16666666666666
3089,144,49
3090,144,22.000000000000114
3091,184,19
3092,184,32
3093,160,55
3094,0,651
3096,184,65
3097,184,43.10000000000008
3098,184,128.9000000000001
3099,112,0
3101,144,65.5
3102,168,0
3103,176,2
3104,147.13333333333338,111.21666666666623
3105,184,112.26666666667072
3106,160,26
3107,184,0
3108,184,5.25
3109,160,3.0833333333329307
3110,168,4.483333333333455
3111,176,37.466666666666185
3112,184,8
3113,184,135.50000000000023
3114,168,60.85000000000015
3115,92,1
3116,140.73333333333338,31.84999999999961
3117,176,4
3118,168,18.5
3119,165.59999999999997,49.388333333333165
3120,127.95000000000005,209.81666666666672
3121,152,44.5
3122,168,13.533333333333516
3123,184,103.8333333333336
3124,168,74.5000000000001
3125,147.13333333333338,76.78333333333576
3126,184,171.34999999999857
3127,147.13333333333338,41.05666666666608
3128,0,57.83333333333334
3129,147.13333333333338,26.71666666666613
3130,168,66.60000000000008
3131,152,35.650000000000105
3132,176,34
3133,184,18
3136,168,0
3137,160,5
3138,134.31666666666672,80.89999999999951
3139,160,102.10000000000406
3140,168,8
3141,136,0
3142,168,5.25
3143,160,3.0833333333329307
3144,168,7.483333333333455
3145,144,29.466666666666185
3146,164,10
3147,168,29.500000000000227
3148,168,23.85000000000015
3149,80,3
3150,127.91666666666671,29.933333333332897
3151,164,4
3152,160,13
3153,151.2,41.188333333333176
3154,168,44.81666666666672
3155,152,46
3156,144,15.533333333333516
3157,168,110.8333333333336
3158,136,78.5000000000001
3159,134.31666666666672,64.46666666666904
3160,168,56.34999999999857
3161,127.93333333333338,40.95666666666606
3162,104,41.83333333333334
3163,134.31666666666672,23.91666666666606
3164,152,73.60000000000008
3165,160,36.650000000000105
3166,144,42
3167,144,16
3168,168,62
3169,168,50.5
3170,152,0
3171,152,95
3172,168,48.25
3173,156,0
3174,160,42.16666666666666
3175,168,55
3176,168,24.000000000000114
3177,152,23
3178,152,0
3179,160,57
3180,0,727
3183,168,30.10000000000008
3184,168,92.90000000000009
3185,168,-4.5
3186,136,28
3187,168,12.5
3188,168,67
3199,80,0
3200,120,22.000000000000114
3201,120,23
3202,112,0
3203,80,65
3204,0,797
3206,72,80.00000000000009
3207,80,-4.5
3208,160,-5.75
3209,136,1.5
3210,128,77.5
3211,160,0
3212,120,77
3213,128,8.5
3214,120,0
3215,120,80
3216,160,13.75
3217,140,0
3218,0,42.16666666666666
3219,160,27
3220,144,0
3221,128,6
3222,102.33333333333336,38.56666666666615
3223,40,72.10000000000406
3224,136,8
3225,120,-1.4210854715202004e-14
3226,136,2.75
3227,144,3.0833333333329307
3228,116,6.483333333333455
3229,120,26.466666666666185
3230,108,7
3231,120,24.500000000000227
3232,152,22.85000000000015
3233,80,1
3234,121.53333333333337,4.3999999999995225
3235,128,8
3236,112,9
3237,136.8,5.388333333333165
3238,112,44.81666666666672
3239,120,44
3240,112,15.533333333333516
3241,160,78.8333333333336
3242,160,51.5000000000001
3243,127.93333333333338,47.53333333333566
3244,144,36.34999999999857
3245,108.75000000000003,29.53999999999936
3246,160,41.83333333333334
3247,76.76666666666667,27.149999999999395
3248,120,74.60000000000008
3249,104,51.650000000000105
3250,140,48
3251,152,18
3252,0,65
3253,136,0
3254,144,0
3255,160,16
3256,160,12
3257,120,42.56666666666615
3258,168,99.26666666667072
3259,160,17.5
3260,148,-1.4210854715202004e-14
3261,152,8.25
3262,168,3.0833333333329307
3263,160,6.483333333333455
3264,152,28.466666666666185
3265,160,12.5
3266,160,39.50000000000023
3267,168,27.85000000000015
3269,128,10.399999999999523
3270,168,3
3271,144,-7.5
3272,136,4.888333333333165
3273,160,41.31666666666672
3274,152,45
3275,152,11.533333333333516
3276,168,92.8333333333336
3277,168,38.5000000000001
3278,134.31666666666672,49.21666666666894
3279,168,33.34999999999857
3280,136,23.123333333332674
3281,168,17.833333333333343
3282,115.13333333333337,27.516666666666026
3283,144,88.60000000000008
3284,168,4.650000000000105
3285,96,48
3286,120,20
3287,168,103
3288,152,8.5
3289,160,88
3290,168,27.5
3291,160,6
3292,144,79
3293,168,15.75
3294,160,0
3295,72,43.91666666666666
3296,160,25
3297,128.00000000000003,40.500000000000085
3298,156,30
3299,168,0
3300,176,65
3301,0,873
3303,160,85.00000000000009
3304,120,-4.5
3305,176,-2.5
3307,144,2
3312,104,5.75
3313,152,0
3314,136,13
3315,128,46.56666666666615
3316,144,71.76666666667067
3317,120,13
3318,144,12.5833333333333
3319,152,7.75
3320,72,3.0833333333329307
3321,128,6.483333333333455
3322,160,29.466666666666185
3323,160,17
3324,144,51.50000000000023
3325,160,13.85000000000015
3327,104,14.399999999999523
3328,152,7
3329,160,0.5
3330,104,7.888333333333165
3331,140,54.31666666666672
3332,160,40
3333,160,13.533333333333516
3334,160,100.8333333333336
3335,160,40.5000000000001
3336,127.93333333333338,34.28333333333556
3337,160,36.34999999999857
3338,112,24.289999999999345
3339,76,7.105427357601002e-15
3340,115.13333333333337,20.383333333332672
3341,160,111.60000000000008
3342,160,10.25
3343,160,7.650000000000105
3344,160,48
3345,160,20
3346,152,110
3347,120,26.5
3348,160,103
3349,144,40.75
3351,160,6
3352,120,76
3353,132,10.75
3354,160,0
3355,108,40.91666666666666
3356,160,17
3358,144,3.1000000000000796
3359,120,10.10000000000008
3372,172,10
3373,108.80000000000004,53.700000000000045
3374,160,26
3375,160,0
3376,160,67
3378,160,23.10000000000008
3379,160,93.8333333333334
3380,160,-4.5
3381,160,8.5
3382,160,7
3383,120,19.5
3386,144,10
3395,168,2
3404,152,5
3405,160,14.75
3407,152,0
3408,152,30
3409,120,39.56666666666615
3410,160,74.4333333333373
3411,164,17
3412,160,10.166666666666643
3413,136,7.75
3414,160,3.0833333333329307
3415,168,-0.5166666666665449
3416,160,47.466666666666185
3417,168,38
3418,168,56.50000000000023
3419,168,19.85000000000015
3420,136,15.399999999999523
3421,160,8
3422,168,7.25
3423,136,13.888333333333165
3424,104,52.31666666666672
3425,160,32
3426,152,13.533333333333516
3427,168,119.8333333333336
3428,160,44.5000000000001
3429,134.33333333333337,22.95000000000219
3430,168,54.34999999999857
3431,136,22.039999999999317
3433,134.33333333333337,22.383333333332644
3434,168,111.60000000000008
3435,164,11.75
3436,144,7.650000000000105
3437,152,48
3438,152,23
3439,160,123
3440,168,33
3441,168,85
3442,168,52.75
3443,168,15.25
3444,168,7
3445,168,80
3446,112,10.75
3447,160,0
3448,112,40.91666666666666
3449,160,31
3450,134.40000000000003,42.80000000000001
3451,164,31
3452,168,0
3453,152,76
3454,168,31.10000000000008
3455,128,94.66666666666671
3456,48,-4.5
3457,128,7
3458,168,-8
3459,120,21
3460,152,6
3461,136,10
3462,88,0
3463,128,123.5
3464,160,33
3465,152,57
3466,128,27.5
3467,104,18.25
3468,160,0
3469,160,7
3470,144,14
3471,152,76
3472,0,10.75
3473,152,0
3474,120,27.916666666666657
3475,104,30
3476,144,0
3477,160,23
3478,112,37.56666666666615
3479,168,98.26666666667064
3480,160,13.5
3481,152,3.5833333333333
3482,152,7.75
3483,168,3.0833333333329307
3484,160,6.483333333333455
3485,168,11.466666666666185
3486,120,34.5
3487,128,60.50000000000023
3488,160,32.85000000000015
3489,80,-0.6000000000004775
3490,128,8
3491,124,13
3492,108,23.388333333333165
3493,120,48.31666666666672
3494,168,16
3495,168,13.533333333333516
3496,128,129.8333333333336
3497,136,37.5000000000001
3498,127.95000000000005,15.000000000002146
3499,104,66.34999999999857
3500,120,15.039999999999317
3501,76.76666666666667,20.116666666665978
3502,160,47.60000000000008
3503,160,17.583333333333343
3504,152,7.650000000000105
3505,160,48
3506,168,23
3507,57.599999999999994,42.20000000000002
3508,160,25
3509,160,0
3510,104,37
3511,159.59999999999994,40.50000000000014
3512,160,100.50000000000006
3513,88,-4.5
3514,160,5.5
3515,117.79999999999995,7.2000000000000455
3516,72,7.5
3517,144,1
3520,136,13
3531,144,40
3532,160,26
3533,120,37.56666666666615
3534,160,98.4333333333373
3535,160,0.5
3536,148,-3
3537,152,8.249999999999957
3538,96,8.25
3539,120,3.0833333333329307
3540,64,8.483333333333455
3541,160,10.466666666666185
3542,120,17
3543,160,57.50000000000023
3544,128,22.85000000000015
3545,120,2.3999999999995225
3546,144,8
3547,152,26.5
3548,136,26.888333333333165
3549,160,34.81666666666672
3550,136,15
3551,72,16.533333333333516
3552,160,121.8333333333336
3553,152,31.5000000000001
3554,102.33333333333336,20.66666666666879
3555,152,68.34999999999857
3556,128,12.956666666665974
3557,118.33333333333337,18.783333333332607
3558,160,49.10000000000008
3559,160,21.083333333333343
3560,160,7.650000000000105
3561,112,52
3562,160,24.5
3605,160,100
3606,160,33
3607,152,70
3608,160,20.25
3609,160,5.25
3610,152,4
3611,160,0
3612,160,14
3613,160,-22
3614,160,61
3616,152,0
3617,152,11.999999999999972
3618,160,21
3641,144,19
3642,120,2
3643,112,46
3644,151.99999999999994,34.5000000000002
3645,160,99.50000000000006
3646,152,-4.5
3647,160,14
3648,151.99999999999994,5.200000000000102
3649,144,10.5
3651,160,29
3652,32,4
3653,160,58
3654,121.59999999999997,56.90000000000023
3655,160,73.50000000000006
3656,120,1.5
3657,152,34.75
3658,148.19999999999996,5.000000000000142
3659,144,16
3660,160,0
3661,144,31
3662,120,56.56666666666615
3663,152,86.60000000000399
3664,160,6
3665,144,3
3666,152,7.333333333333272
3667,160,5.25
3668,120,3.0833333333329307
3669,112,8.483333333333455
3670,136,15.466666666666185
3671,152,28.666666666666686
3672,144,57.50000000000023
3673,160,23.85000000000015
3674,128,25.399999999999523
3675,160,6
3676,152,27.5
3677,144,33.888333333333165
3678,160,35.81666666666672
3679,104,1
3680,144,16.533333333333516
3681,160,140.8333333333336
3682,152,44.5000000000001
3683,127.93333333333338,19.73333333333541
3684,160,90.34999999999857
3685,128,9.623333333332631
3686,127.93333333333338,20.849999999999227
3687,128,54.10000000000008
3688,112,23.583333333333343
3689,136,15.650000000000105
3690,144,36
3691,144,31.5
3692,144,100
3693,160,33
3694,160,71
3695,160,28.75
3696,160,15.75
3697,152,4
3698,120,0
3699,160,16
3701,128,53
3702,160,2
3703,160,0
3704,84,-2.842170943040401e-14
3705,160,23
3708,184,68
3709,160,33
3710,184,39
3711,104,17.75
3712,184,26.25
3713,176,5
3714,168,0
3715,128,6
3717,184,45
3718,184,5
3719,176,0
3720,0,-2.842170943040401e-14
3721,136,15
3722,152,0
3723,120,11
3725,160,22
3726,152,29
3727,168,5
3728,0,4
3729,184,59
3730,167.19999999999993,59.7000000000003
3731,152,31.500000000000057
3732,120,0
3733,176,2
3735,146,38.5
3736,184,5
3737,184,16
3738,152,41.56666666666615
3739,184,77.60000000000396
3740,184,5
3741,184,-1
3742,184,5.083333333333272
3743,152,8.75
3744,184,3.0833333333329307
3745,184,4.483333333333455
3746,160,15.999999999999517
3747,184,32.666666666666686
3748,112,57.50000000000023
3749,144,26.85000000000015
3750,152,2.3999999999995225
3751,128,8
3752,56,27.5
3753,140,11.888333333333165
3754,80,37.81666666666672
3755,184,1
3756,176,11.533333333333516
3757,184,156.8333333333336
3758,144,43.5000000000001
3759,83.16666666666667,9.566666666668738
3760,184,34.34999999999857
3761,76,5.289999999999289
3762,54.36666666666667,21.48333333333256
3763,152,12.60000000000008
3764,184,25.083333333333343
3765,120,17.650000000000105
3766,184,36
3767,168,27.5
3770,32,-6
3771,16,-4.831690603168681e-13
3772,159.59999999999994,3.4000000000002046
3773,80,0
3774,128,12
3775,88,38.56666666666615
3776,152,86.76666666667059
3777,40,4
3778,120,-6
3779,80,6.499999999999929
3780,160,8.75
3781,152,3.0833333333329307
3782,136,-5.016666666666545
3783,160,22.666666666666686
3784,160,68.50000000000023
3785,80,37.85000000000015
3786,88,-8.600000000000477
3787,160,7
3788,160,22
3789,76,14.388333333333165
3790,116,51.81666666666672
3791,152,12.5
3792,144,11.533333333333516
3793,0,156.8333333333336
3794,56,43.5000000000001
3795,127.93333333333338,11.633333333335358
3796,80,52.34999999999857
3797,128,5.539999999999289
3798,127.93333333333338,20.54999999999921
3799,160,14.60000000000008
3800,132,16.583333333333343
3801,96,18.650000000000105
3802,152,24
3803,80,22.5
3804,128,6
3805,0,4
3806,144,77
3807,30.4,61.3000000000003
3808,16,32.50000000000006
3810,156,-7.25
3811,68.4,4.000000000000199
3812,118,2
3813,144,8
3814,160,33
3815,64,29
3816,160,31.25
3817,160,17.75
3818,112,7
3819,80,0
3820,160,6
3821,24,9
3822,16,-6
3823,80,21
3824,0,5
3825,128,0
3826,160,38
3828,136,15
3829,24,4
3830,16,4
3831,16,4
3833,80,0
3834,168,8
3835,0,4
3836,176,83
3837,167.19999999999993,72.10000000000036
3838,176,29.500000000000057
3839,176,8
3840,176,0
3842,140,7
3843,168,22
3844,96,13
3845,144,38.56666666666615
3846,176,93.10000000000396
3847,176,1
3848,124,1
3849,176,6.499999999999929
3850,64,10.5
3851,136,3.0833333333329307
3852,176,-1.016666666666545
3853,176,3.6666666666666856
3854,176,112.50000000000023
3855,176,28.85000000000015
3856,144,-5.6000000000004775
3857,128,2
3858,148,33
3859,160,29.388333333333165
3860,144,95.81666666666672
3861,96,10.5
3862,168,9.533333333333516
3863,176,181.8333333333336
3864,144,75.5000000000001
3865,108.75000000000003,48.88333333333533
3866,176,104.34999999999857
3867,128,3.2899999999992744
3868,137.5333333333334,21.01666666666582
3869,176,14.60000000000008
3870,176,23.833333333333343
3871,136,18.650000000000105
3872,176,24
3873,152,22.5
3874,176,9
3875,176,40
3876,176,42
3877,176,74
3878,176,27.75
3879,176,27
3880,176,13
3881,152,6
3882,32,36
3883,32,0
3884,176,22
3886,172,0
3887,176,32
3888,168,18
3889,24,10
3892,90,0
3895,184,13
3896,0,4
3897,168,67
3898,174.79999999999993,82.30000000000044
3899,160,21.500000000000057
3900,144,-10.75
3901,136,0
3902,140.59999999999997,3.2000000000003013
3903,148,2
3906,184,25
3907,184,25
3908,88,43.56666666666615
3909,184,82.9333333333373
3910,144,5
3911,168,1
3912,168,7.0833333333333
3913,180,13.5
3914,152,3.0833333333329307
3915,176,3.483333333333455
3916,100,33.666666666666686
3917,184,116.50000000000023
3918,184,21.000000000000156
3919,112,17.399999999999523
3920,168,6
3921,184,-1
3922,164,18.888333333333165
3923,144,94.81666666666672
3924,184,15
3925,184,8.5
3926,176,10.533333333333516
3927,184,152.8333333333336
3928,144,70.5000000000001
3929,115.13333333333337,46.75000000000196
3930,144,145.34999999999857
3931,96,2.7899999999992744
3932,83.15,23.86666666666583
3933,164,14.60000000000008
3934,184,26.333333333333343
3935,144,23.650000000000105
3936,144,24
3937,184,18.5
3938,184,18.5
3939,104,40
3940,184,39
3941,160,61
3942,168,17.75
3943,184,24
3944,184,15
3945,176,10
3947,72,0
3948,40,33
3949,40,0
3950,184,20
3951,180,2
3952,184,28
3953,160,18
3954,40,0
3955,136,5
3956,167.19999999999993,3.800000000000267
3965,176,1.5
3967,144,27
3968,0,4
3969,152,55
3970,144.39999999999995,119.90000000000049
3971,160,21.500000000000057
3972,152,-7.75
3973,156,0
3975,108,24
3976,160,26
3977,128,39.56666666666615
3978,160,13
3979,160,6.25
3980,156,16.5
3981,144,9.983333333333455
3982,160,30.166666666666686
3983,160,129.50000000000023
3984,160,20.000000000000156
3985,104,22.399999999999523
3986,148,8
3987,160,0.25
3988,120,4.388333333333165
3989,128,70.81666666666672
3990,160,25.5
3991,160,162.8333333333336
3992,127.93333333333338,29.81666666666858
3993,160,164.34999999999857
3994,120,9.956666666665932
3995,127.93333333333338,26.43333333333245
3996,156,20.60000000000008
3997,120,27.750000000000014
3998,120,32.650000000000105
3999,160,20
4000,152,94.10000000000396
4001,156,10.749999999999986
4002,152,3.0833333333329307
4003,160,8.5
4004,160,10.533333333333516
4005,112,67.5000000000001
4006,160,32
4007,144,16.5
4008,120,23
4009,160,40
4010,160,48
4011,160,67.25
4012,160,22.75
4013,72,16
4014,160,19
4015,160,14
4016,156,4.5
4017,72,0
4018,32,26
4019,152,22
4020,160,4.5
4021,160,76
4022,160,18
4023,32,0
4024,24,-14
4025,184,4.5
